date, pm25, pm10, o3, no2, so2, co
2022/12/2, 39, 17, 15, 7, , 
2022/12/3, 55, 16, 14, 5, , 
2022/12/4, 56, 12, 17, 7, , 
2022/12/5, 44, 19, 18, 16, , 
2022/12/6, 58, 23, 7, 15, , 
2022/12/7, 71, 22, 14, 11, , 
2022/12/8, 68, 21, 3, 11, , 
2022/12/9, 65, 12, 19, 8, , 
2022/12/10, 42, 12, 23, 6, , 
2022/12/11, 44, 20, 20, 12, , 
2022/12/12, 62, 13, 23, 8, , 
2022/12/13, 43, 16, 15, 9, , 
2022/12/14, 49, 11, 23, 6, , 
2022/12/15, 31, 12, 20, 7, , 
2022/12/16, 38, 3, 15, 5, , 
2022/12/17, 11, 13, 11, 5, , 
2022/12/18, 42, 18, 12, 8, , 
2022/12/19, 59, 23, 11, 11, , 
2022/12/20, 69, , , , , 
2022/11/2, 10, 8, 26, 4, , 
2022/11/3, 21, 7, 30, 6, , 
2022/11/4, 16, 9, 29, 1, , 
2022/11/5, 20, 9, 24, 5, , 
2022/11/6, 24, 8, 32, 5, , 
2022/11/7, 24, 11, 21, 11, , 
2022/11/8, 31, 16, 18, 12, , 
2022/11/9, 36, 9, 22, 7, , 
2022/11/10, 28, 8, 21, 8, , 
2022/11/11, 24, 14, 24, 9, , 
2022/11/12, 41, 12, 26, 7, , 
2022/11/13, 34, 15, 24, 8, , 
2022/11/14, 39, 11, 19, 8, , 
2022/11/15, 29, 8, 23, 7, , 
2022/11/16, 23, 9, 21, 8, , 
2022/11/17, 27, 11, 29, 2, , 
2022/11/18, 29, 4, 26, 4, , 
2022/11/19, 10, 6, 29, 4, , 
2022/11/20, 19, 9, 31, 5, , 
2022/11/21, 33, 3, 32, 2, , 
2022/11/22, 10, 4, 31, 3, , 
2022/11/23, 11, 10, 31, 4, , 
2022/11/24, 28, 11, 23, 8, , 
2022/11/25, 30, 9, 28, 6, , 
2022/11/26, 30, 9, 31, 8, , 
2022/11/27, 29, 19, 10, 11, , 
2022/11/28, 58, 5, 29, 3, , 
2022/11/29, 16, 6, 27, 5, , 
2022/11/30, 18, 11, 15, 7, , 
2022/12/1, 38, 10, 14, 3, , 
2022/10/2, 5, 5, 26, 3, , 
2022/10/3, 9, 7, 26, 4, , 
2022/10/4, 13, 9, 36, 6, , 
2022/10/5, 15, 14, 37, 7, , 
2022/10/6, 20, 25, 33, 3, , 
2022/10/7, 44, 32, 33, 5, , 
2022/10/8, 47, 21, 30, 2, , 
2022/10/9, 44, 28, 31, 3, , 
2022/10/10, 48, 28, 28, 5, , 
2022/10/11, 49, 20, 26, 3, , 
2022/10/12, 45, 14, 25, 3, , 
2022/10/13, 36, 12, 27, 3, , 
2022/10/14, 25, 7, 19, 3, , 
2022/10/15, 11, 6, 26, 4, , 
2022/10/16, 9, 11, 32, 4, , 
2022/10/17, 22, 19, 32, 4, , 
2022/10/18, 26, 21, 29, 9, , 
2022/10/19, 36, 41, 23, 7, , 
2022/10/20, 55, 12, 24, 6, , 
2022/10/21, 15, 9, 33, 8, , 
2022/10/22, 11, 4, 30, 4, , 
2022/10/23, 5, 13, 35, 2, , 
2022/10/24, 21, 10, 31, 7, , 
2022/10/25, 14, 27, 31, 9, , 
2022/10/26, 36, 25, 23, 9, , 
2022/10/27, 37, 33, 28, 5, , 
2022/10/28, 43, 37, 29, 8, , 
2022/10/29, 53, 21, 34, 5, , 
2022/10/30, 32, 18, 35, 4, , 
2022/10/31, 35, 15, 25, 5, , 
2022/11/1, 32, 4, 27, 2, , 
2022/9/2, 27, 11, 41, 2, , 
2022/9/3, 21, 8, 35, 1, , 
2022/9/4, 12, 5, 35, 2, , 
2022/9/5, 16, 8, 42, 2, , 
2022/9/6, 23, 13, 41, 4, , 
2022/9/7, 24, 10, 41, 3, , 
2022/9/8, 18, 11, 39, 3, , 
2022/9/9, 19, 7, 29, 3, , 
2022/9/10, 13, 5, 32, 3, , 
2022/9/11, 9, 6, 36, 3, , 
2022/9/12, 8, 23, 32, 5, , 
2022/9/13, 32, 14, 30, 4, , 
2022/9/14, 19, 9, 36, 3, , 
2022/9/15, 15, 8, 34, 5, , 
2022/9/16, 12, 8, 31, 1, , 
2022/9/17, 14, 9, 37, 2, , 
2022/9/18, 21, 6, 38, 3, , 
2022/9/19, 13, 7, 40, 5, , 
2022/9/21, 21, 11, 40, 4, , 
2022/9/22, 19, 12, 45, 5, , 
2022/9/23, 20, 17, 36, 6, , 
2022/9/24, 40, 7, 33, 2, , 
2022/9/25, 14, 5, 33, 1, , 
2022/9/26, 10, 5, 34, 2, , 
2022/9/27, 10, 5, 32, 1, , 
2022/9/28, 12, 4, 30, 1, , 
2022/9/29, 6, 3, 26, 1, , 
2022/9/30, 5, 3, 28, 2, , 
2022/10/1, 6, 4, 25, 3, , 
2022/8/12, 47, 17, 57, 3, , 
2022/8/13, 54, 25, 61, 3, , 
2022/8/14, 58, 25, 44, 1, , 
2022/8/15, 37, 14, 32, 1, , 
2022/8/16, 34, 12, 40, 1, , 
2022/8/17, 48, 16, 40, 3, , 
2022/8/18, 12, 6, 32, 2, , 
2022/8/19, 9, 4, 33, 1, , 
2022/8/20, 12, 6, 36, 1, , 
2022/8/24, 7, 4, 27, 2, , 
2022/8/25, 10, 7, 35, 3, , 
2022/8/26, 23, 9, 37, 1, , 
2022/8/27, 11, 5, 26, 1, , 
2022/8/28, 18, 8, 40, 1, , 
2022/8/29, 24, 10, 46, 3, , 
2022/8/30, 19, 11, 47, 2, , 
2022/8/31, 29, 14, 48, 3, , 
2022/9/1, 30, 12, 34, 1, , 
2020/4/2, 41, 13, 42, 2, , 
2020/4/3, 36, 16, 41, 4, , 
2020/4/4, 51, 17, 37, 4, , 
2020/4/5, 37, 11, 37, 2, , 
2020/4/6, 28, 13, 31, 3, , 
2020/4/7, 32, 14, 26, 2, , 
2020/4/8, 46, 7, 33, 3, , 
2020/4/9, 20, 5, 35, 2, , 
2020/4/10, 8, 7, 37, 1, , 
2020/4/11, 27, 8, 33, 1, , 
2020/4/12, 18, 8, 27, 1, , 
2020/4/13, 27, 10, 28, 1, , 
2020/4/14, 28, 13, 41, 1, , 
2020/4/15, 35, 15, 36, 2, , 
2020/4/16, 42, 11, 32, 3, , 
2020/4/17, 29, 11, 30, 2, , 
2020/4/18, 26, 8, 26, 1, , 
2020/4/19, 23, 6, 29, , , 
2020/4/20, 17, 4, 27, 1, , 
2020/4/21, 13, 4, 28, 1, , 
2020/4/22, 13, 5, 31, 1, , 
2020/4/23, 20, 7, 29, 2, , 
2020/4/24, 21, 5, 29, 2, , 
2020/4/25, 22, 6, 29, 1, , 
2020/4/26, 16, 7, 29, , , 
2020/4/27, 22, 9, 26, 1, , 
2020/4/28, 25, 6, 32, 1, , 
2020/4/29, 23, 5, 32, 1, , 
2020/4/30, 10, 7, 31, 1, , 
2020/5/1, 17, 5, 19, , , 
2020/5/2, 17, 3, 15, , , 
2020/5/3, 11, 4, 21, , , 
2020/5/4, 10, 8, 33, 2, , 
2020/5/5, 22, 13, 37, 2, , 
2020/5/6, 34, 8, 35, 2, , 
2020/5/7, 32, 11, 34, 3, , 
2020/5/8, 26, 11, 33, 1, , 
2020/5/9, 25, 10, 38, 1, , 
2020/5/10, 23, 8, 33, , , 
2020/5/11, 29, 4, 31, 1, , 
2020/5/12, 13, 6, 19, 1, , 
2020/5/13, 11, 5, 20, 1, , 
2020/5/14, 16, 9, 25, 2, , 
2020/5/15, 22, 7, 33, 3, , 
2020/5/16, 22, 9, 28, 2, , 
2020/5/17, 34, 9, 40, 1, , 
2020/5/18, 35, 10, 40, 2, , 
2020/5/19, 41, 10, 38, 1, , 
2020/5/20, 26, 8, 40, 2, , 
2020/5/21, 22, 14, 40, 1, , 
2020/5/22, 30, 16, 38, 1, , 
2020/5/23, 49, 10, 23, , , 
2020/5/24, 27, 7, 28, , , 
2020/5/25, 16, 10, 37, 2, , 
2020/5/26, 23, 12, 38, 2, , 
2020/5/27, 32, 16, 38, 2, , 
2020/5/28, 31, 12, 43, 3, , 
2020/5/29, 30, 12, 48, 3, , 
2020/5/30, 28, 15, 46, 2, , 
2020/5/31, 40, 17, 42, 1, , 
2020/6/1, 41, 10, 33, 2, , 
2020/6/2, 27, 14, 39, 2, , 
2020/6/3, 37, 13, 33, 2, , 
2020/6/4, 45, 12, 40, , , 
2020/6/5, 24, 6, 34, 1, , 
2020/6/6, 19, 8, 20, 1, , 
2020/6/7, 18, 6, 25, , , 
2020/6/8, 13, 5, 29, 1, , 
2020/6/9, 13, 5, 30, 1, , 
2020/6/10, 13, 7, 35, 1, , 
2020/6/11, 25, 4, 25, 2, , 
2020/1/9, 14, 28, 16, 17, , 
2020/1/10, 43, 29, 31, 15, , 
2020/1/11, 26, 8, 32, 6, , 
2020/1/12, 22, 12, 21, 11, , 
2020/1/13, 38, 23, 22, 13, , 
2020/1/14, 41, 33, 9, 20, , 
2020/1/15, 39, 32, 11, 21, , 
2020/1/16, 63, 29, 15, 19, , 
2020/1/17, 43, 107, 25, 18, , 
2020/1/18, 38, 13, 28, 8, , 
2020/1/19, 9, 5, 24, 7, , 
2020/1/20, 32, 9, 24, 5, , 
2020/1/21, 33, 12, 20, 8, , 
2020/1/22, 46, 15, 17, 8, , 
2020/1/23, 45, 11, 21, 8, , 
2020/1/24, 43, 14, 19, 12, , 
2020/1/25, 48, 27, 18, 17, , 
2020/1/26, 40, 27, 24, 13, , 
2020/1/27, 38, 22, 25, 10, , 
2020/1/28, 33, 17, 21, 17, , 
2020/1/29, 30, 12, 30, 4, , 
2020/1/30, 37, 20, 20, 15, , 
2020/1/31, 26, 15, 14, 13, , 
2020/2/1, 43, 14, 22, 11, , 
2020/2/2, 26, 11, 22, 8, , 
2020/2/3, 19, 6, 25, 7, , 
2020/2/4, 79, 46, 21, 10, , 
2020/2/5, 47, 22, 29, 3, , 
2020/2/6, 25, 11, 27, 7, , 
2020/2/7, 27, 16, 22, 14, , 
2020/2/8, 37, 29, 23, 18, , 
2020/2/9, 70, 33, 27, 11, , 
2020/2/10, 64, 16, 27, 7, , 
2020/2/25, 35, 19, 33, 12, , 
2020/2/26, 69, 23, 35, 4, , 
2020/2/27, 7, 5, 34, 2, , 
2020/2/28, 28, 13, 29, 2, , 
2020/2/29, 38, 21, 26, 5, , 
2020/3/1, 57, 32, 34, 3, , 
2020/3/2, 16, 6, 34, 3, , 
2020/3/3, 17, 6, 34, 1, , 
2020/3/4, 38, 9, 32, 1, , 
2020/3/5, 24, 6, 26, 4, , 
2020/3/6, 14, 7, 35, 5, , 
2020/3/7, 21, 6, 33, 2, , 
2020/3/8, 16, 6, 31, 3, , 
2020/3/9, 16, 7, 33, 5, , 
2020/3/10, 25, 9, 34, 3, , 
2020/3/11, 26, 10, 31, 6, , 
2020/3/12, 39, 16, 32, 8, , 
2020/3/13, 107, 11, 17, 5, , 
2020/3/14, 23, 8, 27, 3, , 
2020/3/15, 31, 24, 26, 2, , 
2020/3/16, 25, 12, 32, 4, , 
2020/3/17, 14, 6, 29, 3, , 
2020/3/18, 27, 9, 21, 4, , 
2020/3/19, 39, 15, 23, 3, , 
2020/3/20, 58, 29, 29, 4, , 
2020/3/21, 47, 21, 32, 3, , 
2020/3/22, 45, 21, 34, 2, , 
2020/3/23, 60, 20, 33, 2, , 
2020/3/24, 58, 21, 29, 2, , 
2020/3/25, 35, 14, 32, 3, , 
2020/3/26, 39, 13, 35, 3, , 
2020/3/27, 43, 13, 39, 2, , 
2020/3/28, 54, 16, 37, 4, , 
2020/3/29, 48, 16, 39, 4, , 
2020/3/30, 54, 25, 19, 3, , 
2019/10/2, 32, 7, 29, 2, , 
2019/10/3, 30, 8, 26, 4, , 
2019/10/4, 23, 6, 23, 4, , 
2019/10/5, 23, 6, 25, 3, , 
2019/10/6, 25, 13, 27, 1, , 
2019/10/7, 33, 10, 28, 4, , 
2019/10/8, 23, 11, 27, 4, , 
2019/10/9, 27, 8, 24, 2, , 
2019/10/10, 23, 8, 30, 5, , 
2019/10/11, 24, 8, 30, 8, , 
2019/10/12, 20, 16, 19, 9, , 
2019/10/13, 41, 18, 33, 3, , 
2019/10/14, 39, 21, 32, 3, , 
2019/10/15, 35, 18, 28, 3, , 
2019/10/16, 20, 7, 28, 8, , 
2019/10/17, 17, 7, 26, 5, , 
2019/10/18, 24, 7, 24, 4, , 
2019/10/19, 25, 6, 20, 5, , 
2019/10/20, 23, 8, 27, 2, , 
2019/10/21, 20, 6, 26, 5, , 
2019/10/23, 3, 7, 27, 4, , 
2019/10/24, 14, 9, 25, 4, , 
2019/10/25, 21, 9, 24, 8, , 
2019/10/26, 19, 7, 28, 8, , 
2019/10/27, 16, 6, 28, 4, , 
2019/10/28, 20, 11, 16, 10, , 
2019/10/29, 19, 21, 27, 7, , 
2019/10/30, 32, 13, 25, 7, , 
2019/10/31, 35, 14, 25, 4, , 
2019/11/1, 34, 8, 23, 3, , 
2019/11/2, 19, 5, 24, 3, , 
2019/11/3, 12, 6, 30, 1, , 
2019/11/4, 14, 7, 28, 2, , 
2019/11/5, 18, 6, 27, 4, , 
2019/11/6, 20, 5, 25, 4, , 
2019/11/7, 21, 6, 26, 4, , 
2019/11/8, 16, 4, 27, 2, , 
2019/11/9, 13, 5, 28, 3, , 
2019/11/10, 18, 7, 28, 3, , 
2019/11/11, 17, 11, 28, 2, , 
2019/11/12, 23, 7, 26, 4, , 
2019/11/13, 19, 12, 22, 6, , 
2019/11/14, 19, 4, 28, 5, , 
2019/11/15, 19, 6, 23, 7, , 
2019/11/16, 23, 8, 30, 2, , 
2019/11/17, 26, 4, 26, 3, , 
2019/11/18, 19, 8, 21, 4, , 
2019/11/19, 22, 11, 24, 11, , 
2019/11/20, 31, 20, 21, 15, , 
2019/11/21, 27, 23, 14, 15, , 
2019/11/22, 32, 15, 27, 9, , 
2019/11/23, 14, 8, 34, 3, , 
2019/11/24, 28, 7, 24, 5, , 
2019/11/25, 18, 11, 26, 13, , 
2019/11/26, 25, 13, 14, 18, , 
2019/11/27, 23, 14, 25, 9, , 
2019/11/28, 33, 9, 25, 8, , 
2019/11/29, 22, 6, 27, 6, , 
2019/11/30, 14, 9, 29, 10, , 
2019/12/1, 15, 8, 27, 9, , 
2019/12/2, 19, 14, 11, 7, , 
2019/12/3, 33, 10, 9, 6, , 
2019/12/4, 24, 16, 9, 9, , 
2019/12/5, 50, 23, 11, 10, , 
2019/12/6, 60, 24, 16, 14, , 
2019/12/7, 32, 20, 19, 12, , 
2019/12/8, 36, 9, 26, 7, , 
2019/12/9, 28, 12, 31, 2, , 
2019/12/10, 35, 11, 27, 14, , 
2019/12/11, 26, 6, 31, 7, , 
2019/12/12, 22, 2, 29, 6, , 
2019/12/13, 8, 3, 31, 1, , 
2019/12/14, 21, 10, 30, 7, , 
2019/12/15, 6, 16, 23, 12, , 
2019/7/13, 51, 15, 33, 2, , 
2019/7/14, 52, , , , , 
2019/7/18, 52, 14, 33, 1, , 
2019/7/19, 44, 11, 38, 2, , 
2019/7/20, 38, 16, 33, 2, , 
2019/7/21, 54, 15, 28, 1, , 
2019/7/22, 43, 21, 45, 3, , 
2019/7/23, 55, 27, 53, 3, , 
2019/7/24, 63, 31, 72, 4, , 
2019/7/25, 67, 46, 48, 3, , 
2019/7/26, 74, 25, 34, 2, , 
2019/7/27, 63, 8, 31, 1, , 
2019/7/28, 35, 7, 27, 1, , 
2019/7/29, 25, 13, 41, 1, , 
2019/7/30, 37, 16, 26, 1, , 
2019/7/31, 39, 16, 30, 1, , 
2019/8/1, 33, 13, 40, 2, , 
2019/8/2, 42, 14, 40, 2, , 
2019/8/3, 46, 12, 44, 3, , 
2019/8/4, 18, 15, 34, 1, , 
2019/8/5, 31, 18, 28, 2, , 
2019/8/6, 35, 16, 31, 3, , 
2019/8/7, 70, 16, 28, 2, , 
2019/8/8, 47, 10, 36, 3, , 
2019/8/9, 28, 14, 40, 4, , 
2019/8/10, 32, 15, 28, 1, , 
2019/8/11, 33, 18, 24, 2, , 
2019/8/13, 93, 8, 27, 3, , 
2019/8/14, 61, 10, 33, 3, , 
2019/8/15, 93, 11, 24, 2, , 
2019/8/16, 53, 8, 33, 2, , 
2019/8/17, 43, 10, 41, 3, , 
2019/8/18, 34, 14, 28, 2, , 
2019/8/19, 47, 11, 26, 2, , 
2019/8/20, 32, 12, 26, 3, , 
2019/8/21, 19, 8, 33, 3, , 
2019/8/22, 19, 12, 39, 4, , 
2019/8/24, 22, 11, 50, 2, , 
2019/8/25, 31, 18, 39, 2, , 
2019/8/26, 52, 17, 41, 3, , 
2019/8/27, 52, 20, 37, 4, , 
2019/8/28, 59, 16, 39, 2, , 
2019/8/29, 50, 19, 35, 2, , 
2019/8/30, 56, 19, 42, 3, , 
2019/8/31, 53, 21, 37, 2, , 
2019/9/1, 52, 17, 29, 1, , 
2019/9/2, 51, 14, 29, 3, , 
2019/9/3, 37, 9, 35, 4, , 
2019/9/4, 24, 12, 41, 3, , 
2019/9/5, 25, 11, 28, 2, , 
2019/9/6, 28, 10, 31, 4, , 
2019/9/7, 30, 9, 36, 2, , 
2019/9/8, 33, 9, 30, 2, , 
2019/9/9, 35, 8, 29, 3, , 
2019/9/10, 28, 10, 26, 3, , 
2019/9/11, 25, 10, 41, 3, , 
2019/9/12, 35, 13, 42, 5, , 
2019/9/13, 31, 12, 42, 7, , 
2019/9/14, 31, 15, 43, 5, , 
2019/9/15, 40, 19, 36, 4, , 
2019/9/16, 49, 21, 40, 4, , 
2019/9/17, 52, 19, 38, 4, , 
2019/9/18, 49, 19, 29, 4, , 
2019/9/19, 55, 15, 36, 4, , 
2019/9/20, 66, 12, 39, 5, , 
2019/9/21, 47, 15, 36, 4, , 
2019/9/22, 34, 14, 24, 2, , 
2019/9/23, 39, 9, 27, 4, , 
2019/9/24, 21, 12, 30, 5, , 
2019/9/25, 22, 14, 26, 2, , 
2019/9/26, 34, 10, 31, 4, , 
2019/9/27, 30, 12, 31, 4, , 
2019/9/28, 56, 11, 29, 1, , 
2019/9/29, 37, 9, 39, 4, , 
2019/9/30, 28, 10, 27, 5, , 
2019/10/1, 31, 7, 23, 5, , 
2018/4/16, 13, 8, 39, 1, , 
2018/4/17, 224, 13, 31, 2, , 1
2018/4/18, 29, 9, 33, 4, , 1
2018/4/19, 24, 10, 34, 5, , 1
2018/4/20, 33, 18, 45, 1, , 
2018/4/21, 44, 21, 44, 3, , 1
2018/4/22, 54, 22, 42, 4, , 
2022/9/20, , 10, 39, 4, , 
2022/8/2, , 11, 49, 1, , 
2022/8/3, , 11, 46, 2, , 
2022/8/4, , 14, 54, 3, , 
2022/8/5, , 14, 45, 2, , 
2022/8/6, , 8, 27, 1, , 
2022/8/7, , 12, 42, 2, , 
2022/8/8, , 13, 53, 1, , 
2022/8/9, , 14, 55, 3, , 
2022/8/10, , 15, 58, 4, , 
2022/8/11, , 20, 57, 3, , 
2022/8/21, , 8, 40, 3, , 
2022/8/22, , 7, 27, 2, , 
2022/8/23, , 4, 20, 1, , 
2022/7/2, , 7, 46, 2, , 
2022/7/3, , 8, 37, 1, , 
2022/7/4, , 9, 25, 1, , 
2022/7/5, , 9, 34, 2, , 
2022/7/6, , 12, 38, 2, , 
2022/7/7, , 11, 44, 1, , 
2022/7/8, , 13, 47, 1, , 
2022/7/9, , 9, 52, 3, , 
2022/7/10, , 10, 49, 3, , 
2022/7/11, , 9, 53, 5, , 
2022/7/12, , 11, 69, 3, , 
2022/7/13, , 15, 70, 4, , 
2022/7/14, , 14, 81, 3, , 
2022/7/15, , 17, 76, 3, , 
2022/7/16, , 40, 68, 3, , 
2022/7/17, , 45, 52, 3, , 
2022/7/18, , 26, 64, 4, , 
2022/7/19, , 30, 38, 2, , 
2022/7/20, , 18, 37, 1, , 
2022/7/21, , 17, 45, 2, , 
2022/7/22, , 16, 31, 1, , 
2022/7/23, , 13, 26, 1, , 
2022/7/24, , 7, 52, 3, , 
2022/7/25, , 14, 31, 1, , 
2022/7/26, , 10, 28, 1, , 
2022/7/27, , 5, 34, 1, , 
2022/7/28, , 6, 34, 2, , 
2022/7/29, , 8, 28, 2, , 
2022/7/30, , 6, 32, 2, , 
2022/7/31, , 9, 40, 1, , 
2022/8/1, , 8, , , , 
2022/6/2, , 14, 44, 2, , 
2022/6/3, , 17, 30, 1, , 
2022/6/4, , 12, 29, 1, , 
2022/6/5, , 9, 32, , , 
2022/6/6, , 7, 34, 1, , 
2022/6/7, , 11, 28, 2, , 
2022/6/8, , 9, 23, 2, , 
2022/6/9, , 9, 32, 1, , 
2022/6/10, , 6, 38, 3, , 
2022/6/11, , 9, 44, 2, , 
2022/6/12, , 11, 32, 1, , 
2022/6/13, , 16, 32, 1, , 
2022/6/14, , 10, 40, 4, , 
2022/6/15, , 28, 59, 2, , 
2022/6/16, , 34, 48, 2, , 
2022/6/17, , 38, 59, 3, , 
2022/6/18, , 42, 49, 1, , 
2022/6/19, , 51, 38, 1, , 
2022/6/20, , 34, 38, 1, , 
2022/6/21, , 19, 34, 1, , 
2022/6/22, , 14, 42, 1, , 
2022/6/23, , 7, 36, 2, , 
2022/6/24, , 8, 36, 1, , 
2022/6/25, , 5, 26, 2, , 
2022/6/26, , 6, 25, , , 
2022/6/27, , 2, 19, 2, , 
2022/6/28, , 5, 31, 1, , 
2022/6/29, , 8, 32, 1, , 
2022/6/30, , 9, 24, 1, , 
2022/7/1, , 2, 27, 1, , 
2022/5/2, , 15, 43, 2, , 
2022/5/3, , 21, 37, 3, , 
2022/5/4, , 15, 38, 3, , 
2022/5/5, , 16, 36, 3, , 
2022/5/6, , 12, 35, 2, , 
2022/5/7, , 9, 41, 2, , 
2022/5/8, , 10, 36, 1, , 
2022/5/9, , 10, 41, 4, , 
2022/5/10, , 10, 49, 2, , 
2022/5/11, , 13, 45, 2, , 
2022/5/12, , 17, 32, 2, , 
2022/5/13, , 12, 35, 1, , 
2022/5/14, , 15, 43, 2, , 
2022/5/15, , 14, 40, 1, , 
2022/5/16, , 22, 37, 2, , 
2022/5/17, , 17, 45, 1, , 
2022/5/18, , 15, 41, 3, , 
2022/5/19, , 16, 30, 1, , 
2022/5/20, , 14, 44, 1, , 
2022/5/21, , 28, 39, 2, , 
2022/5/22, , 22, 40, 1, , 
2022/5/23, , 33, 34, 1, , 
2022/5/24, , 10, 30, 2, , 
2022/5/25, , 5, 34, 1, , 
2022/5/26, , 4, 35, , , 
2022/5/27, , 6, 38, 2, , 
2022/5/28, , 8, 35, 1, , 
2022/5/29, , 9, 44, 1, , 
2022/5/30, , 9, 40, 2, , 
2022/5/31, , 8, 44, 2, , 
2022/6/1, , 10, 43, 2, , 
2022/4/2, , 5, 39, 2, , 
2022/4/3, , 6, 39, 4, , 
2022/4/4, , 8, 38, 4, , 
2022/4/5, , 13, 41, 7, , 
2022/4/6, , 15, 35, 5, , 
2022/4/7, , 11, 34, 5, , 
2022/4/8, , 9, 34, 3, , 
2022/4/9, , 7, 36, 1, , 
2022/4/10, , 8, 38, 3, , 
2022/4/11, , 10, 34, 4, , 
2022/4/12, , 16, 41, 2, , 
2022/4/13, , 17, 35, 2, , 
2022/4/14, , 5, 35, 4, , 
2022/4/15, , 9, 34, 3, , 
2022/4/16, , 13, 38, 2, , 
2022/4/17, , 11, 40, 2, , 
2022/4/18, , 10, 38, 1, , 
2022/4/19, , 13, 32, 2, , 
2022/4/20, , 6, 35, 2, , 
2022/4/21, , 3, 34, 3, , 
2022/4/22, , 4, 35, 2, , 
2022/4/23, , 5, 34, 2, , 
2022/4/24, , 4, 38, 1, , 
2022/4/25, , 6, 38, 5, , 
2022/4/26, , 9, 40, 5, , 
2022/4/27, , 8, 37, 3, , 
2022/4/28, , 9, 31, 2, , 
2022/4/29, , 6, 19, 3, , 
2022/4/30, , 15, 34, 1, , 
2022/5/1, , 14, 35, 1, , 
2022/3/2, , 20, 26, 9, , 
2022/3/3, , 29, 33, 6, , 
2022/3/4, , 6, 35, 2, , 
2022/3/5, , 5, 33, 6, , 
2022/3/6, , 11, 22, 4, , 
2022/3/7, , 11, 32, 6, , 
2022/3/8, , 14, 32, 7, , 
2022/3/9, , 8, 36, 5, , 
2022/3/10, , 5, 29, 8, , 
2022/3/11, , 11, 35, 9, , 
2022/3/12, , 10, 33, 2, , 
2022/3/13, , 3, 36, 2, , 
2022/3/14, , 4, 29, 8, , 
2022/3/15, , 8, 29, 6, , 
2022/3/16, , 44, 27, 5, , 
2022/3/17, , 49, 26, 3, , 
2022/3/18, , 7, 17, 3, , 
2022/3/19, , 11, 29, 3, , 
2022/3/20, , 17, 31, 5, , 
2022/3/21, , 21, 30, 5, , 
2022/3/22, , 17, 34, 4, , 
2022/3/23, , 15, 39, 5, , 
2022/3/24, , 16, 42, 5, , 
2022/3/25, , 23, 40, 6, , 
2022/3/26, , 25, 40, 4, , 
2022/3/27, , 23, 41, 5, , 
2022/3/28, , 29, 35, 7, , 
2022/3/29, , 52, 38, 9, , 
2022/3/30, , 66, 35, 2, , 
2022/3/31, , 18, 41, 3, , 
2022/4/1, , 8, 38, 2, , 
2022/2/2, , 10, 20, 9, , 
2022/2/3, , 13, 25, 11, , 
2022/2/4, , 15, 28, 8, , 
2022/2/5, , 15, 27, 7, , 
2022/2/6, , 10, 7, 7, , 
2022/2/7, , 20, 31, 6, , 
2022/2/8, , 8, 25, 11, , 
2022/2/9, , 14, 32, 10, , 
2022/2/10, , 22, 35, 10, , 
2022/2/11, , 23, 19, 9, , 
2022/2/12, , 21, 24, 7, , 
2022/2/13, , 13, 36, 6, , 
2022/2/14, , 20, 35, 3, , 
2022/2/15, , 4, 33, 3, , 
2022/2/16, , 4, 32, 2, , 
2022/2/17, , 2, 26, 4, , 
2022/2/18, , 5, 25, 7, , 
2022/2/19, , 8, 30, 5, , 
2022/2/20, , 6, 32, 4, , 
2022/2/21, , 5, 34, 2, , 
2022/2/22, , 10, 32, 7, , 
2022/2/23, , 17, 33, 9, , 
2022/2/24, , 14, 29, 5, , 
2022/2/25, , 12, 31, 3, , 
2022/2/26, , 8, 32, 6, , 
2022/2/27, , 10, 31, 9, , 
2022/2/28, , 14, 37, 5, , 
2022/3/1, , 22, 39, 10, , 
2022/1/4, , 23, 33, 11, , 
2022/1/5, , 14, 31, 6, , 
2022/1/6, , 7, 30, 10, , 
2022/1/7, , 14, 30, 8, , 
2022/1/8, , 9, 33, 3, , 
2022/1/9, , 5, 37, 1, , 
2022/1/10, , 5, 31, 2, , 
2022/1/11, , 1, 28, 8, , 
2022/1/12, , 8, 20, 11, , 
2022/1/13, , 16, 17, 15, , 
2022/1/14, , 24, 24, 19, , 
2022/1/15, , 30, 23, 17, , 
2022/1/16, , 26, 28, 15, , 
2022/1/17, , 29, 25, 16, , 
2022/1/18, , 32, 19, 11, , 
2022/1/19, , 30, 27, 5, , 
2022/1/20, , 14, 26, 4, , 
2022/1/21, , 6, 25, 6, , 
2022/1/22, , 10, 24, 11, , 
2022/1/23, , 18, 22, 10, , 
2022/1/24, , 24, 22, 17, , 
2022/1/25, , 27, 24, 18, , 
2022/1/26, , 29, 24, 18, , 
2022/1/27, , 30, 26, 17, , 
2022/1/28, , 34, 20, 10, , 
2022/1/29, , 31, 14, 11, , 
2022/1/30, , 33, 17, 9, , 
2022/1/31, , 20, 32, 5, , 
2022/2/1, , 12, 26, 7, , 
2021/10/2, , 6, 35, 3, , 
2021/10/3, , 6, 35, 1, , 
2021/10/4, , 11, 27, 4, , 
2021/10/5, , 5, 29, 3, , 
2021/10/6, , 7, 31, 4, , 
2021/10/7, , 7, 29, 4, , 
2021/10/8, , 8, 28, 5, , 
2021/10/9, , 10, 26, 3, , 
2021/10/10, , 9, 29, 2, , 
2021/10/11, , 11, 33, 6, , 
2021/10/12, , 11, 32, 7, , 
2021/10/13, , 15, 30, 5, , 
2021/10/14, , 14, 29, 8, , 
2021/10/15, , 13, 33, 9, , 
2021/10/16, , 16, 29, 3, , 
2021/10/17, , 8, 33, 5, , 
2021/10/18, , 11, 28, 8, , 
2021/10/19, , 13, 24, 9, , 
2021/10/20, , 12, 27, 9, , 
2021/10/21, , 13, 30, 1, , 
2021/10/22, , 11, 27, 4, , 
2021/10/23, , 7, 26, 4, , 
2021/10/24, , 7, 31, 7, , 
2021/10/25, , 9, 30, 9, , 
2021/10/26, , 11, 28, 7, , 
2021/10/27, , 12, 30, 9, , 
2021/10/28, , 11, 31, 12, , 
2021/10/29, , 16, 32, 9, , 
2021/10/30, , 12, 23, 2, , 
2021/10/31, , 6, 26, 4, , 
2021/11/1, , 6, 28, 3, , 
2021/11/2, , 7, 29, 6, , 
2021/11/3, , 8, 28, 2, , 
2021/11/4, , 4, 26, 4, , 
2021/11/5, , 6, 23, 5, , 
2021/11/6, , 6, 22, 5, , 
2021/11/7, , 11, 28, 4, , 
2021/11/8, , 10, 23, 4, , 
2021/11/9, , 7, 24, 6, , 
2021/11/10, , 12, 17, 9, , 
2021/11/11, , 16, 12, 8, , 
2021/11/12, , 18, 20, 6, , 
2021/11/13, , 17, 24, 5, , 
2021/11/14, , 14, 25, 3, , 
2021/11/15, , 6, 15, 6, , 
2021/11/16, , 6, 17, 5, , 
2021/11/17, , 9, 20, 5, , 
2021/11/18, , 10, 21, 10, , 
2021/11/19, , 10, 15, 12, , 
2021/11/20, , 19, 11, 14, , 
2021/11/21, , 26, 25, 5, , 
2021/11/22, , 16, 20, 5, , 
2021/11/23, , 9, 12, 6, , 
2021/11/24, , 11, 15, 6, , 
2021/11/25, , 10, 17, 6, , 
2021/11/26, , 6, 19, 6, , 
2021/11/27, , 5, 29, 2, , 
2021/11/28, , 3, 28, 3, , 
2021/11/29, , 5, 21, 7, , 
2021/11/30, , 6, 21, 11, , 
2021/12/1, , 16, 27, 8, , 
2021/12/2, , 8, 28, 5, , 
2021/12/3, , 7, 28, 5, , 
2021/12/4, , 4, 31, 3, , 
2021/12/5, , 5, 31, 2, , 
2021/12/6, , 4, 30, 3, , 
2021/12/7, , 6, 31, 11, , 
2021/12/8, , 5, 35, 2, , 
2021/12/9, , 5, 33, 5, , 
2021/12/10, , 3, 36, 1, , 
2021/12/11, , 5, 32, 8, , 
2021/12/12, , 10, 18, 9, , 
2021/12/13, , 24, 8, 18, , 
2021/12/14, , 25, 14, 18, , 
2021/12/15, , 26, 11, 18, , 
2021/12/16, , 35, 11, 18, , 
2021/12/17, , 32, 10, 20, , 
2021/12/18, , 30, 16, 17, , 
2021/12/19, , 26, 16, 17, , 
2021/12/20, , 24, 12, 19, , 
2021/12/21, , 31, 15, 22, , 
2021/12/22, , 31, 11, 19, , 
2021/12/23, , 30, 16, 15, , 
2021/12/24, , 27, 21, 16, , 
2021/12/25, , 16, 21, 10, , 
2021/12/26, , 13, 21, 11, , 
2021/12/27, , 16, 33, 4, , 
2021/12/28, , 7, 32, 6, , 
2021/12/29, , 8, 25, 4, , 
2021/12/30, , 6, 21, 8, , 
2022/1/2, , 6, 26, 9, , 
2022/1/3, , 11, 17, 16, , 
2021/7/2, , 9, 47, 2, , 
2021/7/3, , 17, 31, 2, , 
2021/7/4, , 18, 23, 1, , 
2021/7/5, , 7, 32, 2, , 
2021/7/6, , 8, 16, 3, , 
2021/7/7, , 8, 23, 2, , 
2021/7/8, , 5, 23, 2, , 
2021/7/9, , 6, 29, 1, , 
2021/7/10, , 7, 23, 2, , 
2021/7/11, , 8, 32, 2, , 
2021/7/12, , 10, 23, 1, , 
2021/7/13, , 9, 20, 1, , 
2021/7/14, , 5, 24, , , 
2021/7/15, , 7, 26, 2, , 
2021/7/16, , 5, 38, 3, , 
2021/7/17, , 8, 42, 3, , 
2021/7/18, , 11, 41, 2, , 
2021/7/19, , 12, 43, 3, , 
2021/7/20, , 15, 44, 4, , 
2021/7/21, , 20, 46, 3, , 
2021/7/22, , 19, 46, 4, , 
2021/7/23, , 23, 31, 2, , 
2021/7/24, , 16, 27, 1, , 
2021/7/25, , 8, 24, 1, , 
2021/7/26, , 8, 33, 1, , 
2021/7/27, , 10, 31, 2, , 
2021/7/28, , 14, 25, 1, , 
2021/7/29, , 9, 27, 2, , 
2021/7/30, , 9, 21, 2, , 
2021/7/31, , 10, 23, 1, , 
2021/8/1, , 5, 24, 1, , 
2021/8/2, , 5, 28, 2, , 
2021/8/3, , 7, 27, 2, , 
2021/8/4, , 6, 25, 1, , 
2021/8/5, , 6, 29, 2, , 
2021/8/6, , 5, 22, 1, , 
2021/8/7, , 5, 23, 1, , 
2021/8/8, , 8, 24, 2, , 
2021/8/9, , 8, 30, 3, , 
2021/8/10, , 11, 31, 2, , 
2021/8/11, , 13, 32, 2, , 
2021/8/12, , 18, 36, 2, , 
2021/8/13, , 18, 22, 1, , 
2021/8/14, , 12, 38, 2, , 
2021/8/15, , 20, 23, 1, , 
2021/8/16, , 7, 27, 1, , 
2021/8/17, , 8, 27, 1, , 
2021/8/18, , 9, 29, 1, , 
2021/8/19, , 8, 22, 2, , 
2021/8/20, , 8, 34, 2, , 
2021/8/21, , 10, 31, 1, , 
2021/8/22, , 14, 20, 1, , 
2021/8/23, , 11, 22, 2, , 
2021/8/24, , 18, 30, 3, , 
2021/8/25, , 8, 34, 2, , 
2021/8/26, , 8, 42, 4, , 
2021/8/27, , 12, 41, 2, , 
2021/8/28, , 13, 35, 2, , 
2021/8/29, , 12, 36, 1, , 
2021/8/30, , 7, 35, 3, , 
2021/8/31, , 10, 38, 3, , 
2021/9/1, , 12, 17, 5, , 
2021/9/2, , 15, 28, 4, , 
2021/9/3, , 9, 25, 3, , 
2021/9/4, , 8, 30, 2, , 
2021/9/5, , 10, 42, 2, , 
2021/9/6, , 11, 47, 3, , 
2021/9/7, , 11, 34, 6, , 
2021/9/8, , 25, 37, 2, , 
2021/9/9, , 20, 25, 2, , 
2021/9/10, , 10, 24, 2, , 
2021/9/11, , 8, 28, 2, , 
2021/9/12, , 7, 32, 2, , 
2021/9/13, , 8, 30, 4, , 
2021/9/14, , 13, 23, 5, , 
2021/9/15, , 14, 28, 2, , 
2021/9/16, , 9, 26, 2, , 
2021/9/17, , 9, 29, 2, , 
2021/9/18, , 7, 25, 1, , 
2021/9/19, , 6, 30, 1, , 
2021/9/20, , 6, 24, 1, , 
2021/9/21, , 5, 23, 3, , 
2021/9/22, , 5, 26, 4, , 
2021/9/23, , 7, 28, 4, , 
2021/9/24, , 8, 31, 4, , 
2021/9/25, , 10, 29, 3, , 
2021/9/26, , 13, 35, 2, , 
2021/9/27, , 13, 26, 4, , 
2021/9/28, , 9, 25, 2, , 
2021/9/29, , 6, 29, 2, , 
2021/9/30, , 8, 22, 2, , 
2021/10/1, , 7, 28, 4, , 
2021/4/2, , 28, 38, 4, , 
2021/4/3, , 30, 34, 1, , 
2021/4/4, , 27, 35, 2, , 
2021/4/5, , 16, 38, 2, , 
2021/4/6, , 12, 40, 1, , 
2021/4/7, , 12, 36, 2, , 
2021/4/8, , 9, 38, 5, , 
2021/4/9, , 11, 32, 6, , 
2021/4/10, , 19, 31, 3, , 
2021/4/11, , 9, 34, 1, , 
2021/4/12, , 10, 38, 3, , 
2021/4/13, , 7, 36, 3, , 
2021/4/14, , 6, 38, 4, , 
2021/4/15, , 10, 40, 4, , 
2021/4/16, , 11, 39, 4, , 
2021/4/17, , 11, 36, 2, , 
2021/4/18, , 10, 40, 2, , 
2021/4/19, , 14, 42, 5, , 
2021/4/20, , 14, 42, 5, , 
2021/4/21, , 15, 43, 4, , 
2021/4/22, , 13, 35, 4, , 
2021/4/23, , 13, 40, 3, , 
2021/4/24, , 7, 46, 2, , 
2021/4/25, , 10, 35, 2, , 
2021/4/26, , 9, 32, 5, , 
2021/4/27, , 10, 34, 2, , 
2021/4/28, , 5, 38, 3, , 
2021/4/29, , 12, 36, 2, , 
2021/4/30, , 10, 32, 3, , 
2021/5/1, , 5, 39, 2, , 
2021/5/2, , 6, 41, 2, , 
2021/5/3, , 7, 38, 3, , 
2021/5/4, , 8, 41, 3, , 
2021/5/5, , 9, 31, 2, , 
2021/5/6, , 6, 27, 3, , 
2021/5/7, , 5, 29, 1, , 
2021/5/8, , 8, 34, 1, , 
2021/5/9, , 7, 48, 1, , 
2021/5/10, , 12, 32, 2, , 
2021/5/11, , 5, 35, 1, , 
2021/5/12, , 5, 38, 3, , 
2021/5/13, , 6, 36, 1, , 
2021/5/14, , 3, 33, 1, , 
2021/5/15, , 5, 23, 2, , 
2021/5/16, , 6, 33, 1, , 
2021/5/17, , 6, 31, 1, , 
2021/5/18, , 8, 26, 2, , 
2021/5/19, , 10, 33, 1, , 
2021/5/20, , 5, 40, 2, , 
2021/5/21, , 5, 32, 3, , 
2021/5/22, , 7, 29, 1, , 
2021/5/23, , 6, 31, 1, , 
2021/5/24, , 4, 36, 1, , 
2021/5/25, , 8, 32, 2, , 
2021/5/26, , 6, 33, 2, , 
2021/5/27, , 9, 34, 3, , 
2021/5/28, , 9, 32, 4, , 
2021/5/29, , 10, 39, 2, , 
2021/5/30, , 12, 38, 1, , 
2021/5/31, , 10, 38, 2, , 
2021/6/1, , 10, 36, 2, , 
2021/6/2, , 15, 33, 2, , 
2021/6/3, , 10, 27, 2, , 
2021/6/4, , 12, 26, 2, , 
2021/6/5, , 4, 26, 1, , 
2021/6/6, , 3, 35, 1, , 
2021/6/7, , 8, 42, 2, , 
2021/6/8, , 7, 46, 4, , 
2021/6/9, , 8, 44, 1, , 
2021/6/10, , 11, 42, 1, , 
2021/6/11, , 14, 38, 1, , 
2021/6/12, , 12, 37, 1, , 
2021/6/13, , 14, 45, 2, , 
2021/6/14, , 14, 42, 2, , 
2021/6/15, , 16, 44, 3, , 
2021/6/16, , 15, 41, 3, , 
2021/6/17, , 17, 47, 7, , 
2021/6/18, , 17, 41, 2, , 
2021/6/19, , 9, 40, 1, , 
2021/6/20, , 14, 33, 1, , 
2021/6/21, , 11, 33, 2, , 
2021/6/22, , 10, 28, 2, , 
2021/6/25, , 12, 33, 1, , 
2021/6/26, , 9, 42, 2, , 
2021/6/27, , 11, 24, , , 
2021/6/28, , 7, 28, 1, , 
2021/6/29, , 5, 29, 1, , 
2021/6/30, , 8, 26, 1, , 
2021/7/1, , 8, 39, 3, , 
2021/1/5, , 10, 16, 6, , 
2021/1/6, , 10, 28, 8, , 
2021/1/7, , 12, 18, 15, , 
2021/1/8, , 16, 18, 16, , 
2021/1/9, , 22, 12, 7, , 
2021/1/10, , 27, 16, 4, , 
2021/1/11, , 20, 22, 8, , 
2021/1/12, , 14, 29, 11, , 
2021/1/13, , 12, 25, 7, , 
2021/1/14, , 5, 27, 5, , 
2021/1/15, , 6, 25, 6, , 
2021/1/16, , 8, 21, 8, , 
2021/1/17, , 10, 27, 3, , 
2021/1/18, , 8, 21, 10, , 
2021/1/19, , 7, 27, 12, , 
2021/1/20, , 12, 34, 3, , 
2021/1/21, , 3, 33, 8, , 
2021/1/22, , 7, 33, 1, , 
2021/1/23, , 5, 31, 2, , 
2021/1/24, , 4, 28, 2, , 
2021/1/25, , 5, 26, 5, , 
2021/1/26, , 5, 20, 13, , 
2021/1/27, , 12, 21, 2, , 
2021/1/28, , 9, 16, 6, , 
2021/1/29, , 6, 22, 6, , 
2021/1/30, , 9, 32, 3, , 
2021/1/31, , 6, 31, 1, , 
2021/2/1, , 5, 34, , , 
2021/2/2, , 12, 19, 9, , 
2021/2/3, , 7, 19, 6, , 
2021/2/4, , 10, 16, 7, , 
2021/2/5, , 11, 10, 6, , 
2021/2/6, , 12, 29, 3, , 
2021/2/7, , 16, 26, 3, , 
2021/2/8, , 5, 27, 6, , 
2021/2/9, , 6, 20, 12, , 
2021/2/10, , 9, 25, 6, , 
2021/2/11, , 11, 21, 13, , 
2021/2/12, , 12, 26, 4, , 
2021/2/13, , 7, 28, 6, , 
2021/2/14, , 11, 23, 5, , 
2021/2/15, , 12, 13, 8, , 
2021/2/16, , 13, 25, 9, , 
2021/2/17, , 14, 29, 9, , 
2021/2/18, , 14, 31, 3, , 
2021/2/19, , 13, 25, 7, , 
2021/2/20, , 25, 34, 3, , 
2021/2/21, , 19, 32, 2, , 
2021/2/22, , 76, 30, 2, , 
2021/2/23, , 18, 30, 6, , 
2021/2/24, , 9, 24, 7, , 
2021/2/25, , 29, 24, 8, , 
2021/2/26, , 30, 26, 3, , 
2021/2/27, , 24, 28, 2, , 
2021/2/28, , 20, 28, 4, , 
2021/3/1, , 15, 27, 8, , 
2021/3/2, , 24, 28, 8, , 
2021/3/3, , 33, 27, 8, , 
2021/3/4, , 45, 31, 7, , 
2021/3/5, , 63, 28, 5, , 
2021/3/6, , 52, 25, 2, , 
2021/3/7, , 19, 23, 2, , 
2021/3/8, , 21, 20, 4, , 
2021/3/9, , 10, 26, 5, , 
2021/3/10, , 17, 30, 6, , 
2021/3/11, , 16, 34, 5, , 
2021/3/12, , 10, 31, 3, , 
2021/3/13, , 6, 36, 3, , 
2021/3/16, , 7, 36, 4, , 
2021/3/17, , 10, 34, 3, , 
2021/3/18, , 7, 31, 3, , 
2021/3/19, , 8, 25, 4, , 
2021/3/20, , 6, 32, 3, , 
2021/3/21, , 10, 35, 4, , 
2021/3/22, , 11, 32, 4, , 
2021/3/23, , 14, 36, 5, , 
2021/3/24, , 14, 38, 5, , 
2021/3/25, , 15, 36, 2, , 
2021/3/26, , 14, 30, 4, , 
2021/3/27, , 16, 32, 2, , 
2021/3/28, , 10, 37, 4, , 
2021/3/29, , 13, 36, 4, , 
2021/3/30, , 13, 41, 1, , 
2021/3/31, , 23, 35, 1, , 
2021/4/1, , 47, 36, 2, , 
2020/10/2, , 7, 29, 2, , 
2020/10/3, , 2, 28, 1, , 
2020/10/4, , 3, 24, 2, , 
2020/10/5, , 5, 24, 4, , 
2020/10/6, , 6, 21, 4, , 
2020/10/7, , 6, 23, 2, , 
2020/10/8, , 5, 20, 4, , 
2020/10/9, , 7, 18, 4, , 
2020/10/10, , 8, 22, 2, , 
2020/10/11, , 7, 27, 1, , 
2020/10/12, , 5, 27, 4, , 
2020/10/13, , 4, 27, 2, , 
2020/10/14, , 4, 25, 2, , 
2020/10/15, , 2, 24, 4, , 
2020/10/16, , 7, 24, 6, , 
2020/10/17, , 7, 24, 6, , 
2020/10/18, , 9, 28, 7, , 
2020/10/19, , 11, 22, 9, , 
2020/10/20, , 11, 34, 6, , 
2020/10/21, , 16, 34, 7, , 
2020/10/22, , 33, 16, 10, , 
2020/10/23, , 25, 26, 3, , 
2020/10/24, , 12, 27, 6, , 
2020/10/25, , 5, 31, 5, , 
2020/10/26, , 8, 27, 2, , 
2020/10/27, , 6, 23, 5, , 
2020/10/28, , 5, 22, 4, , 
2020/10/29, , 9, 22, 7, , 
2020/10/30, , 11, 20, 9, , 
2020/10/31, , 14, 24, 8, , 
2020/11/1, , 15, 22, 5, , 
2020/11/2, , 10, 26, 7, , 
2020/11/3, , 11, 28, 2, , 
2020/11/4, , 7, 23, 4, , 
2020/11/5, , 5, 16, 6, , 
2020/11/6, , 11, 20, 6, , 
2020/11/7, , 34, 15, 3, , 
2020/11/8, , 39, 20, 4, , 
2020/11/9, , 11, 19, 7, , 
2020/11/10, , 13, 17, 7, , 
2020/11/11, , 13, 20, 6, , 
2020/11/12, , 11, 21, 11, , 
2020/11/13, , 15, 18, 11, , 
2020/11/14, , 17, 20, 9, , 
2020/11/15, , 14, 25, 4, , 
2020/11/16, , 11, 26, 6, , 
2020/11/17, , 12, 18, 9, , 
2020/11/18, , 14, 17, 12, , 
2020/11/19, , 18, 24, 5, , 
2020/11/20, , 15, 23, 7, , 
2020/11/21, , 10, 19, 9, , 
2020/11/22, , 16, 22, 9, , 
2020/11/23, , 18, 17, 13, , 
2020/11/24, , 26, 19, 14, , 
2020/11/25, , 30, 24, 14, , 
2020/11/26, , 28, 4, 17, , 
2020/11/27, , 32, 14, 13, , 
2020/11/28, , 28, 15, 7, , 
2020/11/29, , 22, 21, 9, , 
2020/11/30, , 19, 19, 9, , 
2020/12/1, , 19, 22, 5, , 
2020/12/2, , 11, 24, 5, , 
2020/12/3, , 11, 26, 7, , 
2020/12/4, , 8, 25, 4, , 
2020/12/5, , 6, 25, 4, , 
2020/12/6, , 8, 24, 2, , 
2020/12/7, , 5, 27, 5, , 
2020/12/8, , 3, 28, 3, , 
2020/12/9, , 7, 19, 7, , 
2020/12/10, , 6, 30, 2, , 
2020/12/11, , 3, 32, 1, , 
2020/12/12, , 3, 29, 2, , 
2020/12/13, , 7, 29, 5, , 
2020/12/14, , 6, 17, 10, , 
2020/12/15, , 12, 17, 9, , 
2020/12/16, , 14, 8, 15, , 
2020/12/17, , 17, 16, 13, , 
2020/12/18, , 19, 32, 15, , 
2020/12/19, , 20, 32, 8, , 
2020/12/20, , 11, 16, 8, , 
2020/12/21, , 16, 19, 9, , 
2020/12/22, , 14, 11, 11, , 
2020/12/23, , 10, 27, 9, , 
2020/12/24, , 11, 26, 2, , 
2020/12/25, , 5, 24, 2, , 
2020/12/26, , 9, 28, 6, , 
2020/12/27, , 9, 31, 7, , 
2020/12/28, , 6, 31, 1, , 
2020/12/29, , 3, 28, 3, , 
2020/12/30, , 5, 28, 4, , 
2020/12/31, , 5, 27, 4, , 
2021/1/1, , 4, 26, 4, , 
2021/1/2, , 6, 25, 3, , 
2021/1/3, , 9, 23, 7, , 
2021/1/4, , 7, 19, 9, , 
2020/7/2, , 6, 21, 1, , 
2020/7/3, , 6, 26, 2, , 
2020/7/4, , 7, 31, 1, , 
2020/7/5, , 8, 39, 1, , 
2020/7/6, , 8, 22, 1, , 
2020/7/7, , 9, 36, 1, , 
2020/7/8, , 12, 39, 3, , 
2020/7/9, , 13, 44, 2, , 
2020/7/10, , 17, 23, 1, , 
2020/7/11, , 14, 22, , , 
2020/7/12, , 5, , , , 
2020/7/13, , 12, 40, 1, , 
2020/7/14, , 11, 37, 1, , 
2020/7/15, , 10, 28, 1, , 
2020/7/16, , 9, 24, 1, , 
2020/7/17, , 10, 27, 1, , 
2020/7/18, , 8, 33, 1, , 
2020/7/19, , 5, 40, 2, , 
2020/7/20, , 8, 37, 1, , 
2020/7/21, , 14, 41, 2, , 
2020/7/22, , 20, 38, 2, , 
2020/7/23, , 19, 43, 2, , 
2020/7/24, , 15, 39, 1, , 
2020/7/25, , 15, 34, 1, , 
2020/7/26, , 8, 28, 1, , 
2020/7/27, , 7, 49, 3, , 
2020/7/28, , 12, 21, 1, , 
2020/7/29, , 10, 21, 1, , 
2020/7/30, , 8, 54, 4, , 
2020/7/31, , 15, 45, 4, , 
2020/8/1, , 20, 23, 1, , 
2020/8/2, , 11, 18, 1, , 
2020/8/3, , 5, 28, 1, , 
2020/8/4, , 6, 27, 1, , 
2020/8/5, , 3, 39, 3, , 
2020/8/6, , 6, 44, 5, , 
2020/8/7, , 10, 52, 2, , 
2020/8/8, , 12, 53, 2, , 
2020/8/9, , 13, 35, 2, , 
2020/8/10, , 14, 29, 2, , 
2020/8/11, , 13, 32, 5, , 
2020/8/12, , 16, 44, 3, , 
2020/8/13, , 13, 27, 1, , 
2020/8/14, , 9, 31, 2, , 
2020/8/15, , 7, 39, 2, , 
2020/8/16, , 10, 27, 1, , 
2020/8/17, , 7, 29, 2, , 
2020/8/18, , 7, 32, 3, , 
2020/8/20, , 2, 42, 3, , 
2020/8/21, , 12, 36, 3, , 
2020/8/22, , 13, , , , 
2020/8/24, , 7, 32, 1, , 
2020/8/25, , 6, 42, 4, , 
2020/8/26, , 6, 27, 2, , 
2020/8/27, , 10, 31, 2, , 
2020/8/28, , 8, 24, 1, , 
2020/8/29, , 5, 24, 1, , 
2020/8/30, , 3, 26, , , 
2020/8/31, , 5, 34, 2, , 
2020/9/1, , 5, 36, 3, , 
2020/9/2, , 7, 41, 3, , 
2020/9/3, , 7, 43, 5, , 
2020/9/4, , 8, 47, 6, , 
2020/9/5, , 9, 43, 1, , 
2020/9/6, , 13, 28, , , 
2020/9/7, , 7, 28, 1, , 
2020/9/8, , 8, 37, 3, , 
2020/9/9, , 8, 36, 6, , 
2020/9/10, , 11, 41, 2, , 
2020/9/11, , 9, 30, 4, , 
2020/9/12, , 10, 33, 2, , 
2020/9/13, , 8, 40, 3, , 
2020/9/14, , 9, 44, 2, , 
2020/9/15, , 14, 39, 3, , 
2020/9/16, , 16, 40, 4, , 
2020/9/17, , 12, 41, 4, , 
2020/9/18, , 15, 32, 3, , 
2020/9/19, , 18, 28, 2, , 
2020/9/20, , 6, 31, 1, , 
2020/9/21, , 7, 32, 2, , 
2020/9/22, , 7, 33, 3, , 
2020/9/23, , 4, 31, 2, , 
2020/9/24, , 5, 29, 1, , 
2020/9/25, , 4, 31, , , 
2020/9/26, , 5, 27, 1, , 
2020/9/27, , 3, 30, , , 
2020/9/28, , 3, 30, 1, , 
2020/9/29, , 7, 29, 3, , 
2020/9/30, , 7, 35, 6, , 
2020/10/1, , 8, 24, 4, , 
2020/4/1, , 11, 30, 2, , 
2020/6/12, , 3, 27, 2, , 
2020/6/13, , 6, 28, 1, , 
2020/6/14, , 7, 31, 1, , 
2020/6/15, , 8, 29, 2, , 
2020/6/16, , 5, 28, 2, , 
2020/6/17, , 4, 28, 2, , 
2020/6/18, , 6, 29, 1, , 
2020/6/19, , 6, 28, 1, , 
2020/6/20, , 8, 30, 1, , 
2020/6/21, , 7, 40, 1, , 
2020/6/22, , 9, 30, 2, , 
2020/6/23, , 9, 37, 2, , 
2020/6/24, , 17, 52, 3, , 
2020/6/25, , 17, 52, 4, , 
2020/6/26, , 11, 37, 1, , 
2020/6/27, , 16, 39, 1, , 
2020/6/28, , 14, 20, 1, , 
2020/6/29, , 8, 18, 1, , 
2020/6/30, , 6, 27, 1, , 
2020/7/1, , 12, 20, 1, , 
2020/1/2, , 23, 20, 7, , 
2020/1/3, , 22, 8, 16, , 
2020/1/4, , 19, 13, 12, , 
2020/1/5, , 10, 21, 8, , 
2020/1/6, , 10, 15, 6, , 
2020/1/7, , 20, 16, 11, , 
2020/1/8, , 25, 17, 16, , 
2020/2/11, , 11, 23, 3, , 
2020/2/12, , 10, 27, 2, , 
2020/2/13, , 2, 26, 7, , 
2020/2/14, , 10, 29, 7, , 
2020/2/15, , 9, 30, 8, , 
2020/2/16, , 13, 25, 11, , 
2020/2/17, , 12, 15, 11, , 
2020/2/18, , 15, 30, 7, , 
2020/2/19, , 8, 29, 7, , 
2020/2/20, , 6, 31, 8, , 
2020/2/21, , 13, 32, 11, , 
2020/2/22, , 16, 32, 10, , 
2020/2/23, , 20, 32, 10, , 
2020/2/24, , 18, 32, 10, , 
2019/10/22, , 8, 16, 6, , 
2019/12/16, , 12, 31, 10, , 
2019/12/17, , 16, 27, 5, , 
2019/12/18, , 17, 25, 8, , 
2019/12/19, , 7, 29, 7, , 
2019/12/20, , 3, 29, 6, , 
2019/12/21, , 5, 29, 4, , 
2019/12/22, , 6, 34, 1, , 
2019/12/23, , 10, 36, 8, , 
2019/12/24, , 6, 23, 6, , 
2019/12/25, , 11, 20, 9, , 
2019/12/26, , 15, 30, 7, , 
2019/12/27, , 18, 18, 13, , 
2019/12/28, , 19, 12, 9, , 
2019/12/29, , 19, 10, 12, , 
2019/7/12, , 16, 33, 2, , 
2019/7/17, , 14, 42, 2, , 
2019/8/12, , 7, 27, 3, , 
2019/8/23, , 11, 43, 4, , 
2018/10/2, , 11, 32, 6, , 
2018/10/3, , 9, 32, 5, , 
2018/10/4, , 11, 30, 6, , 
2018/10/5, , 9, 34, 9, , 
2018/10/6, , 7, 36, 2, , 
2018/10/7, , 8, 29, 1, , 
2018/10/8, , 6, 22, 3, , 
2018/10/9, , 3, 18, 5, , 
2018/10/10, , 3, 19, 7, , 
2018/10/11, , 3, 8, 13, , 
2018/10/12, , 5, 25, 8, , 
2018/10/13, , 9, 26, 6, , 
2018/10/14, , 6, 29, 2, , 
2018/10/15, , 6, 28, 3, , 
2018/10/16, , 6, 19, 5, , 
2018/10/17, , 4, 18, 4, , 
2018/10/18, , 6, 22, 7, , 
2018/10/19, , 6, 25, 7, , 
2018/10/20, , 4, 27, 3, , 
2018/10/21, , 14, 23, 3, , 
2018/10/22, , 17, 28, 4, , 
2018/10/23, , 16, 29, 6, , 
2018/10/24, , 14, 24, 6, , 
2018/10/25, , 12, 20, 6, , 
2018/10/26, , 10, 18, 3, , 
2018/10/27, , 12, 25, 2, , 
2018/10/28, , 7, 21, 2, , 
2018/10/29, , 6, 21, 3, , 
2018/10/30, , 5, 26, 8, , 
2018/10/31, , 4, 23, 7, , 
2018/11/1, , 10, 24, 6, , 
2018/11/2, , 9, 20, 5, , 
2018/11/3, , 10, 26, 4, , 
2018/11/4, , 9, 26, 6, , 
2018/11/5, , 7, 31, 8, , 
2018/11/6, , 6, 16, 7, , 
2018/11/7, , 6, 17, 7, , 
2018/11/8, , 6, 14, 9, , 
2018/11/9, , 9, 25, 5, , 
2018/11/10, , 10, 20, 8, , 
2018/11/11, , 4, 14, 6, , 
2018/11/12, , 7, 16, 9, , 
2018/11/13, , 12, 14, 6, , 
2018/11/14, , 15, 14, 9, , 
2018/11/15, , 14, 13, 14, , 
2018/11/16, , 20, 14, 11, , 
2018/11/17, , 19, 20, 9, , 
2018/11/18, , 20, 11, 4, , 
2018/11/19, , 18, 13, 6, , 
2018/11/20, , 15, 14, 5, , 
2018/11/21, , 15, 10, 8, , 
2018/11/22, , 18, 12, 14, , 
2018/11/23, , 19, 18, 13, , 
2018/11/24, , 24, 22, 12, , 
2018/11/25, , 17, 26, 5, , 
2018/11/26, , 16, 21, 8, , 
2018/11/27, , 13, 23, 9, , 
2018/11/28, , 17, 13, 8, , 
2018/11/29, , 16, , , , 
2018/12/16, , 9, 7, 7, , 
2018/12/17, , 13, 26, 6, , 
2018/12/18, , 8, 22, 14, , 
2018/12/19, , 9, 18, 11, , 
2018/12/20, , 13, 13, 8, , 
2018/12/21, , 13, 20, 6, , 
2018/12/22, , 11, 3, 14, , 
2018/12/23, , 16, 3, 11, , 
2018/12/24, , 15, 2, 9, , 
2018/12/25, , 17, 4, 6, , 
2018/12/26, , 14, 1, 5, , 
2018/12/27, , 12, 1, 9, , 
2018/12/28, , 21, 3, 8, , 
2018/12/29, , 27, 4, 6, , 
2018/12/30, , 24, 5, 8, , 
2018/12/31, , 23, , , , 
2018/7/2, , 25, 44, 1, , 
2018/7/3, , 27, 38, 3, , 
2018/7/4, , 12, 41, 2, , 
2018/7/5, , 18, 33, 2, , 
2018/7/6, , 9, 41, 2, , 
2018/7/7, , 13, 38, 2, , 
2018/7/8, , 13, 46, 2, , 
2018/7/9, , 11, 54, 2, , 
2018/7/10, , 12, 51, 3, , 
2018/7/11, , 17, 46, 3, , 
2018/7/12, , 19, 42, 3, , 
2018/7/13, , 14, 46, 3, , 
2018/7/14, , 16, 46, 2, , 
2018/7/15, , 16, 47, 2, , 
2018/7/16, , 13, 42, 2, , 
2018/7/17, , 13, 30, 2, , 
2018/7/18, , 11, 35, 3, , 
2018/7/19, , 8, 39, 2, , 
2018/7/20, , 10, 32, 2, , 
2018/7/21, , 10, 28, 1, , 
2018/7/22, , 9, 30, 1, , 
2018/7/23, , 5, 35, 3, , 
2018/7/24, , 6, 35, 2, , 
2018/7/25, , 9, 41, 2, , 
2018/7/26, , 16, 46, 3, , 
2018/7/27, , 15, 35, 1, , 
2018/7/28, , 17, 28, 1, , 
2018/7/29, , 15, 28, 1, , 
2018/7/30, , 11, 35, 3, , 
2018/7/31, , 14, 26, 2, , 
2018/8/1, , 15, 28, 2, , 
2018/8/2, , 15, 40, 3, , 
2018/8/3, , 15, 52, 4, , 
2018/8/4, , 17, 49, 2, , 
2018/8/5, , 15, 49, 1, , 
2018/8/6, , 17, 52, 3, , 
2018/8/7, , 19, 32, 2, , 
2018/8/8, , 22, 30, 2, , 
2018/8/9, , 16, 32, 1, , 
2018/8/10, , 11, 22, 2, , 
2018/8/11, , 8, 31, 3, , 
2018/8/12, , 7, 35, 2, , 
2018/8/13, , 9, 22, 2, , 
2018/8/14, , 10, 23, 2, , 
2018/8/15, , 6, 31, 2, , 
2018/8/16, , 5, 31, 3, , 
2018/8/17, , 6, 23, 2, , 
2018/8/18, , 9, 30, 2, , 
2018/8/19, , 9, 39, 3, , 
2018/8/20, , 6, 40, 3, , 
2018/8/21, , 11, 40, 3, , 
2018/8/22, , 13, 41, 5, , 
2018/8/23, , 11, 38, 3, , 
2018/8/24, , 13, 35, 2, , 
2018/8/25, , 9, 27, 2, , 
2018/8/26, , 8, 31, 1, , 
2018/8/27, , 9, 30, 3, , 
2018/8/28, , 8, 37, 5, , 
2018/8/29, , 10, 32, 3, , 
2018/8/30, , 16, 25, 2, , 
2018/8/31, , 12, 31, 2, , 
2018/9/1, , 11, 31, 1, , 
2018/9/2, , 11, 40, 2, , 
2018/9/3, , 7, 46, 5, , 
2018/9/4, , 6, 49, 4, , 
2018/9/5, , 11, 30, 3, , 
2018/9/6, , 12, 38, 2, , 
2018/9/7, , 9, 36, 3, , 
2018/9/8, , 8, 36, 3, , 
2018/9/9, , 9, 36, 2, , 
2018/9/10, , 11, 33, 2, , 
2018/9/11, , 12, 37, 4, , 
2018/9/12, , 13, 36, 6, , 
2018/9/13, , 12, 31, 2, , 
2018/9/14, , 12, 20, 3, , 
2018/9/15, , 10, 25, 2, , 
2018/9/16, , 8, 35, 2, , 
2018/9/17, , 7, 37, 3, , 
2018/9/18, , 11, 37, 7, , 
2018/9/19, , 11, 37, 3, , 
2018/9/20, , 13, 39, 4, , 
2018/9/21, , 12, 37, 2, , 
2018/9/22, , 15, 30, 2, , 
2018/9/23, , 14, 26, 2, , 
2018/9/24, , 10, 21, 1, , 
2018/9/25, , 7, 31, 3, , 
2018/9/26, , 7, 35, 5, , 
2018/9/27, , 7, 40, 6, , 
2018/9/28, , 10, 44, 4, , 
2018/9/29, , 11, 38, 2, , 
2018/9/30, , 16, 39, 2, , 
2018/10/1, , 15, 33, 2, , 
2018/4/2, , 6, 40, 3, , 
2018/4/3, , 5, 28, 4, , 
2018/4/4, , 8, 38, 3, , 
2018/4/5, , 7, 37, 3, , 
2018/4/6, , 8, 34, 5, , 
2018/4/7, , 8, 35, 8, , 
2018/4/8, , 13, 27, 4, , 
2018/4/9, , 10, 37, 1, , 
2018/4/10, , 5, 38, 4, , 
2018/4/11, , 6, 37, 5, , 
2018/4/12, , 4, 30, 3, , 
2018/4/13, , 5, 35, 8, , 
2018/4/14, , 7, 34, 7, , 
2018/4/15, , 9, 36, 4, 1, 
2018/4/23, , 24, 38, 2, , 
2018/4/24, , 30, 32, 3, , 
2018/4/25, , 32, 34, 2, , 
2018/4/26, , 28, 29, 1, , 
2018/4/27, , 10, 29, 1, , 
2018/4/28, , 8, 33, 2, , 
2018/4/29, , 11, 28, 1, , 
2018/4/30, , 11, 33, 1, , 
2018/5/1, , 5, 32, 4, , 
2018/5/2, , 7, 37, 1, , 
2018/5/3, , 8, 39, 2, , 
2018/5/4, , 7, 36, 2, , 
2018/5/5, , 7, 35, 5, , 
2018/5/6, , 16, 37, 2, , 
2018/5/7, , 20, 36, 1, , 
2018/5/8, , 15, 40, 3, , 
2018/5/9, , 16, 48, 1, , 
2018/5/10, , 17, 33, 1, , 
2018/5/11, , 9, 35, , , 
2018/5/12, , 8, 41, 2, , 
2018/5/13, , 10, 39, 1, , 
2018/5/14, , 7, 34, 1, , 
2018/5/15, , 4, 34, 4, , 
2018/5/16, , 5, 27, 5, , 
2018/5/17, , 9, 37, 4, , 
2018/5/18, , 11, 36, 3, , 
2018/5/19, , 18, 42, 3, , 
2018/5/20, , 15, 39, 2, , 
2018/5/21, , 14, 43, 1, , 
2018/5/22, , 9, 42, 1, , 
2018/5/23, , 8, 46, 2, , 
2018/5/24, , 16, 40, 3, , 
2018/5/25, , 13, 41, 3, , 
2018/5/26, , 14, 33, 2, , 
2018/5/27, , 22, 26, 3, , 
2018/5/28, , 16, 21, 2, , 
2018/5/29, , 12, 31, 2, , 
2018/5/30, , 7, 31, 1, , 
2018/5/31, , 7, 28, 2, , 
2018/6/1, , 7, 34, 2, , 
2018/6/2, , 8, 33, 2, , 
2018/6/3, , 5, 37, 1, , 
2018/6/4, , 7, 33, 1, , 
2018/6/5, , 6, 32, 2, , 
2018/6/6, , 5, 29, 1, , 
2018/6/7, , 3, 27, 2, , 
2018/6/8, , 4, 37, 2, , 
2018/6/9, , 3, 33, 2, , 
2018/6/10, , 6, 32, 2, , 
2018/6/11, , 8, 23, 1, , 
2018/6/12, , 6, 28, 1, , 
2018/6/13, , 5, 37, 3, , 
2018/6/14, , 7, 33, 1, , 
2018/6/15, , 12, 30, 1, , 
2018/6/16, , 11, 22, 2, , 
2018/6/17, , 11, 19, 1, , 
2018/6/18, , 9, 25, , , 
2018/6/19, , 7, 25, 1, , 
2018/6/20, , 6, 28, 2, , 
2018/6/21, , 6, 39, 3, , 
2018/6/22, , 11, 28, 1, , 
2018/6/23, , 14, 29, 1, , 
2018/6/24, , 9, 35, 2, , 
2018/6/25, , 9, 40, 1, , 
2018/6/26, , 12, 44, 3, , 
2018/6/27, , 16, 46, 4, , 
2018/6/28, , 17, 41, 2, , 
2018/6/29, , 21, 32, 1, , 
2018/6/30, , 13, 33, 2, , 
2018/7/1, , 15, 43, 2, , 
2018/2/15, , 6, 20, 5, , 
2018/2/16, , 7, 9, 9, , 
2018/2/17, , 13, 9, 10, , 
2018/2/18, , 10, 22, 5, , 
2018/2/19, , 7, 30, 4, , 
2018/2/20, , 5, 29, 5, , 
2018/2/21, , 4, 28, 4, , 
2018/2/22, , 5, 29, 4, , 
2018/2/23, , 16, 32, 6, , 
2018/2/24, , 24, 26, 9, , 
2018/2/25, , 29, 29, 11, , 
2018/2/26, , 31, 33, 6, , 
2018/2/27, , 29, 32, 6, , 
2018/2/28, , 23, 30, 7, , 
2018/3/1, , 22, 23, 9, , 
2018/3/2, , 25, 30, 9, , 
2018/3/3, , 13, 34, 8, , 
2018/3/4, , 9, 39, 5, , 
2018/3/5, , 8, 34, 4, , 
2018/3/6, , 9, 25, 10, , 
2018/3/7, , 8, 33, 7, , 
2018/3/8, , 7, 32, 6, , 
2018/3/9, , 8, 33, 11, , 
2018/3/10, , 12, 18, 15, , 
2018/3/11, , 13, 31, 4, , 
2018/3/12, , 6, 35, 3, , 
2018/3/13, , 7, 35, 5, , 
2018/3/14, , 12, 34, 7, , 
2018/3/15, , 11, 33, 9, , 
2018/3/16, , 6, 40, 5, , 
2018/3/17, , 5, 34, 5, , 
2018/3/18, , 8, 32, 5, , 
2018/3/19, , 8, 38, 4, , 
2018/3/20, , 8, 34, 7, , 
2018/3/21, , 8, 26, 6, , 
2018/3/22, , 18, 31, 6, , 
2018/3/23, , 14, 34, 6, , 
2018/3/24, , 15, 36, 8, , 
2018/3/25, , 14, 37, 5, , 
2018/3/26, , 6, 35, 5, , 
2018/3/27, , 7, 35, 5, , 
2018/3/28, , 8, 27, 3, , 
2018/3/29, , 7, 24, 4, , 
2018/3/30, , 5, 37, 4, , 
2018/3/31, , 4, 40, 4, , 
2018/4/1, , 3, 39, 3, , 
2015/10/2, , 8, 31, 5, , 
2015/10/3, , 7, 36, 3, , 
2015/10/4, , 7, 16, 6, , 
2015/10/5, , 9, 14, 7, , 
2015/10/6, , 12, 29, 3, , 
2015/10/7, , 7, 30, 3, , 
2015/10/8, , 6, 26, 4, , 
2015/10/9, , 9, 27, 5, , 
2015/10/10, , 8, 29, 7, , 
2015/10/11, , 7, 32, 4, , 
2015/10/12, , 12, 29, 6, , 
2015/10/13, , 18, 23, 2, , 
2015/10/14, , 9, , , , 
2015/7/2, , 28, 29, 2, , 
2015/7/3, , 23, 67, 4, , 
2015/7/4, , 12, 45, 1, , 
2015/7/5, , 29, 21, 1, , 
2015/7/6, , 21, 45, 3, , 
2015/7/7, , 25, 39, 2, , 
2015/7/8, , 19, 25, 2, , 
2015/7/9, , 12, 40, 2, , 
2015/7/10, , 11, 53, 3, , 
2015/7/11, , 13, 35, 1, , 
2015/7/12, , 15, 27, 1, , 
2015/7/13, , 11, 39, 2, , 
2015/7/14, , 12, 42, 3, , 
2015/7/15, , 13, 39, 5, , 
2015/7/16, , 14, 44, 5, , 
2015/7/17, , 21, 42, 3, , 
2015/7/18, , 20, 47, 3, , 
2015/7/19, , 17, 32, 2, , 
2015/7/20, , 14, 47, 3, , 
2015/7/21, , 14, 39, 3, , 
2015/7/22, , 15, 30, 2, , 
2015/7/23, , 14, 30, 2, , 
2015/7/24, , 5, 32, 2, , 
2015/7/25, , 12, 33, 1, , 
2015/7/26, , 10, 36, 2, , 
2015/7/27, , 11, 24, 1, , 
2015/7/28, , 11, 30, 2, , 
2015/7/29, , 10, 17, 3, , 
2015/7/30, , 10, 27, 3, , 
2015/7/31, , 4, 26, 3, , 
2015/8/1, , 6, 38, 2, , 
2015/8/2, , 6, 44, 3, , 
2015/8/3, , 8, 49, 3, , 
2015/8/4, , 16, 28, 3, , 
2015/8/5, , 11, 45, 2, , 
2015/8/6, , 15, 34, 2, , 
2015/8/7, , 20, 28, 2, , 
2015/8/8, , 19, 22, 2, , 
2015/8/9, , 7, 27, 1, , 
2015/8/10, , 7, 41, 3, , 
2015/8/11, , 11, 42, 5, , 
2015/8/12, , 9, 49, 3, , 
2015/8/13, , 21, 33, 2, , 
2015/8/14, , 15, 28, 2, , 
2015/8/15, , 5, 24, 2, , 
2015/8/16, , 11, 32, 2, , 
2015/8/17, , 9, 31, 3, , 
2015/8/18, , 13, 32, 2, , 
2015/8/19, , 12, 35, 3, , 
2015/8/20, , 10, 39, 5, , 
2015/8/21, , 8, 33, 5, , 
2015/8/22, , 6, 39, 3, , 
2015/8/23, , 12, 30, 1, , 
2015/8/24, , 7, 28, 2, , 
2015/8/25, , 9, 36, 4, , 
2015/8/26, , 13, 46, 2, , 
2015/8/27, , 9, 48, 5, , 
2015/8/28, , 15, 43, 5, , 
2015/8/29, , 15, 50, 3, , 
2015/8/30, , 15, 46, 2, , 
2015/8/31, , 16, 38, 3, , 
2015/9/1, , 27, 29, 1, , 
2015/9/2, , 10, 30, 3, , 
2015/9/3, , 9, 29, 3, , 
2015/9/4, , 9, 29, 3, , 
2015/9/5, , 4, 33, 2, , 
2015/9/6, , 7, 35, 3, , 
2015/9/7, , 7, 33, 5, , 
2015/9/8, , 8, 38, 5, , 
2015/9/9, , 11, 40, 6, , 
2015/9/10, , 13, 38, 4, , 
2015/9/11, , 11, 37, 4, , 
2015/9/12, , 10, 32, 3, , 
2015/9/13, , 11, 25, 3, , 
2015/9/14, , 8, 27, 3, , 
2015/9/15, , 10, 14, 6, , 
2015/9/16, , 10, 27, 2, , 
2015/9/17, , 8, 28, 2, , 
2015/9/18, , 8, 29, 4, , 
2015/9/19, , 5, 33, 2, , 
2015/9/20, , 6, 32, 2, , 
2015/9/21, , 4, 37, 5, , 
2015/9/22, , 7, 29, 3, , 
2015/9/23, , 7, 31, 3, , 
2015/9/24, , 4, 29, 4, , 
2015/9/25, , 8, 31, 5, , 
2015/9/26, , 11, 32, 5, , 
2015/9/27, , 8, 27, 3, , 
2015/9/28, , 9, 31, 6, , 
2015/9/29, , 12, 9, 4, , 
2015/9/30, , 10, 10, 4, , 
2015/10/1, , 13, 36, 3, , 
2015/4/2, , 10, 24, 6, , 
2015/4/3, , 13, 11, 5, , 
2015/4/4, , 15, 14, 3, , 
2015/4/5, , 5, 12, 2, , 
2015/4/6, , 7, 15, 4, , 
2015/4/7, , 11, 17, 8, , 
2015/4/8, , 16, 44, 8, , 
2015/4/9, , 19, 45, 9, , 
2015/4/10, , 27, 43, 7, , 
2015/4/11, , 21, 36, 5, , 
2015/4/12, , 21, 42, 4, , 
2015/4/13, , 11, 41, 3, , 
2015/4/14, , 24, 44, 2, , 
2015/4/15, , 21, 42, 3, , 
2015/4/16, , 35, 38, 4, , 
2015/4/17, , 23, 34, 4, , 
2015/4/18, , 16, 32, 3, , 
2015/4/19, , 10, 36, 2, , 
2015/4/20, , 5, 36, 4, , 
2015/4/21, , 5, 40, 5, , 
2015/4/22, , 7, 39, 7, , 
2015/4/23, , 11, 37, 3, , 
2015/4/24, , 8, 45, 3, , 
2015/4/25, , 7, 39, 4, , 
2015/4/26, , 11, 28, 3, , 
2015/4/27, , 7, 32, 3, , 
2015/4/28, , 6, 36, 4, , 
2015/4/29, , 8, 35, 5, , 
2015/4/30, , 12, 37, 6, , 
2015/5/1, , 11, 21, 5, , 
2015/5/2, , 9, 25, 3, , 
2015/5/3, , 9, 18, 6, , 
2015/5/4, , 11, 31, 5, , 
2015/5/5, , 9, 34, 3, , 
2015/5/6, , 14, 38, 3, , 
2015/5/7, , 10, 40, 4, , 
2015/5/8, , 10, 40, 2, , 
2015/5/9, , 15, 33, 2, , 
2015/5/10, , 11, 41, 2, , 
2015/5/11, , 9, 45, 3, , 
2015/5/12, , 22, 40, 3, , 
2015/5/13, , 21, 39, 6, , 
2015/5/14, , 32, 33, 2, , 
2015/5/15, , 14, 35, 1, , 
2015/5/16, , 9, 38, 2, , 
2015/5/17, , 11, 31, 2, , 
2015/5/18, , 8, 36, 2, , 
2015/5/19, , 13, 32, 3, , 
2015/5/20, , 7, 33, 2, , 
2015/5/21, , 6, 35, 2, , 
2015/5/22, , 6, 41, 2, , 
2015/5/23, , 9, 37, 2, , 
2015/5/24, , 15, 32, 2, , 
2015/5/25, , 22, 25, 1, , 
2015/5/26, , 5, 32, 2, , 
2015/5/27, , 8, 43, 3, , 
2015/5/28, , 9, 47, 3, , 
2015/5/29, , 10, 33, 2, , 
2015/5/30, , 13, 31, 1, , 
2015/5/31, , 10, 34, 1, , 
2015/6/1, , 8, 26, 3, , 
2015/6/2, , 12, 35, 2, , 
2015/6/3, , 12, 30, 2, , 
2015/6/4, , 19, 46, 4, , 
2015/6/5, , 16, 47, 3, , 
2015/6/6, , 18, 31, 2, , 
2015/6/7, , 12, 41, 1, , 
2015/6/8, , 11, 44, 2, , 
2015/6/9, , 16, 43, 2, , 
2015/6/10, , 18, 38, 3, , 
2015/6/11, , 20, 38, 6, , 
2015/6/12, , 16, 32, 4, , 
2015/6/13, , 8, 25, 2, , 
2015/6/14, , 10, 34, 1, , 
2015/6/15, , 7, 34, 3, , 
2015/6/16, , 9, 33, 2, , 
2015/6/17, , 5, 43, 2, , 
2015/6/18, , 10, 44, 2, , 
2015/6/19, , 14, 31, 1, , 
2015/6/20, , 9, 46, 2, , 
2015/6/21, , 11, 52, 2, , 
2015/6/22, , 13, 57, 4, , 
2015/6/23, , 13, 41, 2, , 
2015/6/24, , 14, 42, 2, , 
2015/6/25, , 12, 57, 4, , 
2015/6/26, , 14, 66, 4, , 
2015/6/27, , 18, 34, 2, , 
2015/6/28, , 14, 45, 2, , 
2015/6/29, , 15, 45, 2, , 
2015/6/30, , 18, 60, 7, , 
2015/1/2, , 21, 30, 14, , 
2015/1/3, , 22, 19, 15, , 
2015/1/4, , 33, 19, 8, , 
2015/1/5, , 13, 8, 16, , 
2015/1/6, , 31, 16, 12, , 
2015/1/7, , 26, 15, 16, , 
2015/1/8, , 30, 22, 13, , 
2015/1/9, , 22, 21, 13, , 
2015/1/10, , 24, 12, 10, , 
2015/1/11, , 25, 28, 4, , 
2015/1/12, , 11, 30, 14, , 
2015/1/13, , 12, 27, 10, , 
2015/1/14, , 13, 24, 10, , 
2015/1/15, , 17, 21, 15, , 
2015/1/16, , 22, 27, 5, , 
2015/1/17, , 8, 28, 4, , 
2015/1/18, , 6, 24, 9, , 
2015/1/19, , 9, 27, 4, , 
2015/1/20, , 15, 24, 13, , 
2015/1/21, , 14, 25, 13, , 
2015/1/22, , 18, 24, 7, , 
2015/1/23, , 12, 24, 5, , 
2015/1/24, , 16, 25, 7, , 
2015/1/25, , 16, 27, 9, , 
2015/1/26, , 14, 26, 8, , 
2015/1/27, , 19, 27, 5, , 
2015/1/28, , 12, 29, 7, , 
2015/1/29, , 8, 30, 2, , 
2015/1/30, , 2, 32, 4, , 
2015/1/31, , 2, 32, 3, , 
2015/2/1, , 5, 30, 2, , 
2015/2/2, , 8, 29, 10, , 
2015/2/3, , 11, 28, 5, , 
2015/2/4, , 14, 23, 9, , 
2015/2/5, , 24, 25, 6, , 
2015/2/6, , 15, 19, 6, , 
2015/2/7, , 19, 21, 9, , 
2015/2/8, , 24, 23, 7, , 
2015/2/9, , 28, 25, 15, , 
2015/2/10, , 32, 26, 18, , 
2015/2/11, , 26, 24, 19, , 
2015/2/12, , 30, 30, 15, , 
2015/2/13, , 30, 35, 5, , 
2015/2/14, , 11, 28, 6, , 
2015/2/15, , 8, 30, 2, , 
2015/2/16, , 5, 32, 7, , 
2015/2/17, , 8, 29, 5, , 
2015/2/18, , 9, 20, 6, , 
2015/2/19, , 13, 27, 10, , 
2015/2/20, , 14, 37, 5, , 
2015/2/21, , 6, 33, 3, , 
2015/2/22, , 10, 35, 2, , 
2015/2/23, , 5, 33, 3, , 
2015/2/24, , 3, 34, 3, , 
2015/2/25, , 9, 31, 4, , 
2015/2/26, , 2, 28, 3, , 
2015/2/27, , 2, 36, 5, , 
2015/2/28, , 8, 32, 5, , 
2015/3/1, , 8, 24, 2, , 
2015/3/2, , 4, 28, 4, , 
2015/3/3, , 5, 28, 5, , 
2015/3/4, , 4, 32, 2, , 
2015/3/5, , 3, 33, 5, , 
2015/3/6, , 3, 31, 8, , 
2015/3/7, , 5, 33, 9, , 
2015/3/8, , 4, 39, 6, , 
2015/3/9, , 4, 33, 8, , 
2015/3/10, , 22, 37, 10, , 
2015/3/11, , 32, 34, 8, , 
2015/3/12, , 37, 38, 5, , 
2015/3/13, , 33, 36, 3, , 
2015/3/14, , 17, 32, 3, , 
2015/3/15, , 5, 32, 5, , 
2015/3/16, , 22, 29, 7, , 
2015/3/17, , 25, 39, 5, , 
2015/3/18, , 9, 38, 9, , 
2015/3/19, , 17, 34, 9, , 
2015/3/20, , 25, 26, 5, , 
2015/3/21, , 34, 28, 5, , 
2015/3/22, , 21, 21, 5, , 
2015/3/23, , 6, 19, 5, , 
2015/3/24, , 8, 33, 4, , 
2015/3/25, , 16, 33, 4, , 
2015/3/26, , 4, 33, 3, , 
2015/3/27, , 8, 37, 2, , 
2015/3/28, , 12, 27, 1, , 
2015/3/29, , 4, 33, 1, , 
2015/3/30, , 5, 37, 1, , 
2015/3/31, , 5, 31, 1, , 
2015/4/1, , 7, 36, 3, , 
2014/10/2, , 12, 33, 5, , 
2014/10/3, , 12, 36, 5, , 
2014/10/4, , 12, 37, 3, , 
2014/10/5, , 16, 28, 1, , 
2014/10/6, , 7, 29, 5, , 
2014/10/7, , 9, 25, 4, , 
2014/10/8, , 11, 27, 5, , 
2014/10/9, , 8, 14, 3, , 
2014/10/10, , 7, 17, 4, , 
2014/10/11, , 6, 23, 2, , 
2014/10/12, , 6, 35, 2, , 
2014/10/13, , 4, 25, 6, , 
2014/10/14, , 7, 25, 4, , 
2014/10/15, , 8, 19, 6, , 
2014/10/16, , 8, 17, 6, , 
2014/10/17, , 9, 20, 6, , 
2014/10/18, , 9, 25, 8, , 
2014/10/19, , 8, 28, 3, , 
2014/10/20, , 21, 25, 5, , 
2014/10/21, , 31, 27, 3, , 
2014/10/22, , 25, 27, 5, , 
2014/10/23, , 12, 24, 7, , 
2014/10/24, , 10, 22, 10, , 
2014/10/25, , 15, 24, 7, , 
2014/10/26, , 25, 23, 5, , 
2014/10/27, , 22, 19, 9, , 
2014/10/28, , 16, 22, 10, , 
2014/10/29, , 17, 25, 9, , 
2014/10/30, , 20, 24, 8, , 
2014/10/31, , 18, 26, 6, , 
2014/11/1, , 22, 25, 6, , 
2014/11/2, , 21, 23, 3, , 
2014/11/3, , 18, 22, 6, , 
2014/11/4, , 9, 27, 2, , 
2014/11/5, , 3, 22, 4, , 
2014/11/6, , 6, 26, 6, , 
2014/11/7, , 6, 24, 9, , 
2014/11/8, , 11, 21, 8, , 
2014/11/9, , 11, 20, 3, , 
2014/11/10, , 10, 17, 8, , 
2014/11/11, , 16, 32, 5, , 
2014/11/12, , 13, 21, 11, , 
2014/11/13, , 20, 15, 13, , 
2014/11/14, , 14, 17, 7, , 
2014/11/15, , 9, 23, 4, , 
2014/11/16, , 6, 24, 4, , 
2014/11/17, , 6, 24, 6, , 
2014/11/18, , 5, 21, 10, , 
2014/11/19, , 11, 15, 13, , 
2014/11/20, , 18, 22, 12, , 
2014/11/21, , 22, 14, 13, , 
2014/11/22, , 17, 12, 9, , 
2014/11/23, , 33, 23, 5, , 
2014/11/24, , 45, 15, 5, , 
2014/11/25, , 31, 5, 6, , 
2014/11/26, , 29, 12, 6, , 
2014/11/27, , 11, 9, 7, , 
2014/11/28, , 5, 25, 12, , 
2014/11/29, , 10, 23, 8, , 
2014/11/30, , 12, 13, 5, , 
2014/12/1, , 17, 15, 4, , 
2014/12/2, , 13, 9, 5, , 
2014/12/3, , 10, 9, 7, , 
2014/12/4, , 6, 8, 9, , 
2014/12/5, , 10, 18, 7, , 
2014/12/6, , 18, 17, 4, , 
2014/12/7, , 10, 27, 3, , 
2014/12/8, , 11, 28, 5, , 
2014/12/9, , 5, 21, 8, , 
2014/12/10, , 12, 25, 5, , 
2014/12/11, , 7, 24, 8, , 
2014/12/12, , 13, 9, 18, , 
2014/12/13, , 24, 10, 16, , 
2014/12/14, , 28, 17, 9, , 
2014/12/15, , 23, 18, 8, , 
2014/12/16, , 19, 25, 6, , 
2014/12/17, , 8, 30, 2, , 
2014/12/18, , 3, 20, 5, , 
2014/12/19, , 4, 20, 5, , 
2014/12/20, , 6, 24, 4, , 
2014/12/21, , 6, 24, 3, , 
2014/12/22, , 12, 5, 13, , 
2014/12/23, , 25, 9, 17, , 
2014/12/24, , 41, 15, 15, , 
2014/12/25, , 35, 27, 2, , 
2014/12/26, , 9, 22, 6, , 
2014/12/27, , 8, 32, 2, , 
2014/12/28, , 8, 29, 1, , 
2014/12/29, , 7, , , , 
2014/7/2, , 12, 21, 3, , 
2014/7/3, , 8, 20, 4, , 
2014/7/4, , 10, 35, 1, , 
2014/7/5, , 8, 29, 2, , 
2014/7/6, , 6, 22, 1, , 
2014/7/7, , 12, 26, 2, , 
2014/7/8, , 3, 26, 2, , 
2014/7/9, , 3, 24, 1, , 
2014/7/10, , 2, 26, 2, , 
2014/7/11, , 9, 28, 2, , 
2014/7/12, , 8, 27, 1, , 
2014/7/13, , 7, 24, , , 
2014/7/14, , 5, 23, 1, , 
2014/7/15, , 6, 35, 2, , 
2014/7/16, , 10, 40, 3, , 
2014/7/17, , 11, 51, 4, , 
2014/7/18, , 17, 39, 2, , 
2014/7/19, , 23, 32, 1, , 
2014/7/20, , 15, 26, , , 
2014/7/21, , 10, 24, 1, , 
2014/7/22, , 7, 29, 1, , 
2014/7/23, , 7, 44, 3, , 
2014/7/24, , 10, 42, 2, , 
2014/7/25, , 17, 38, 1, , 
2014/7/26, , 14, 45, 1, , 
2014/7/27, , 13, 47, 1, , 
2014/7/28, , 16, 41, 1, , 
2014/7/29, , 13, 33, 1, , 
2014/7/30, , 6, 38, 3, , 
2014/7/31, , 10, 39, 2, , 
2014/8/1, , 12, 26, 3, , 
2014/8/2, , 11, 29, 2, , 
2014/8/3, , 8, 30, 1, , 
2014/8/4, , 8, 22, 3, , 
2014/8/5, , 8, 32, 2, , 
2014/8/6, , 8, 33, 2, , 
2014/8/7, , 12, 21, 3, , 
2014/8/8, , 9, 36, 2, , 
2014/8/9, , 10, 27, 1, , 
2014/8/10, , 8, 32, 1, , 
2014/8/11, , 12, 24, 1, , 
2014/8/12, , 9, 21, 2, , 
2014/8/13, , 8, 30, 1, , 
2014/8/14, , 7, 25, 2, , 
2014/8/15, , 7, 29, 1, , 
2014/8/16, , 9, 33, 1, , 
2014/8/17, , 8, 30, 2, , 
2014/8/18, , 7, 23, 3, , 
2014/8/19, , 12, 26, 3, , 
2014/8/20, , 9, 23, 3, , 
2014/8/21, , 12, 25, 2, , 
2014/8/22, , 9, 19, 3, , 
2014/8/23, , 11, 25, 1, , 
2014/8/24, , 6, 28, 1, , 
2014/8/25, , 7, 38, 3, , 
2014/8/26, , 12, 30, 3, , 
2014/8/27, , 15, 21, 1, , 
2014/8/28, , 5, 27, 2, , 
2014/8/29, , 8, 19, 3, , 
2014/8/30, , 6, 16, 1, , 
2014/8/31, , 8, 29, 1, , 
2014/9/1, , 11, 29, 2, , 
2014/9/2, , 8, 34, 3, , 
2014/9/3, , 12, 40, 5, , 
2014/9/4, , 10, 38, 3, , 
2014/9/5, , 17, 32, 3, , 
2014/9/6, , 15, 31, 3, , 
2014/9/7, , 11, 29, 2, , 
2014/9/8, , 15, 34, 5, , 
2014/9/9, , 8, 35, 4, , 
2014/9/10, , 9, 41, 4, , 
2014/9/11, , 9, 37, 4, , 
2014/9/12, , 13, 43, 3, , 
2014/9/13, , 15, 44, 4, , 
2014/9/14, , 13, 27, 3, , 
2014/9/15, , 12, 28, 5, , 
2014/9/16, , 6, 29, 6, , 
2014/9/17, , 8, 33, 5, , 
2014/9/18, , 7, 31, 4, , 
2014/9/19, , 12, 36, 3, , 
2014/9/20, , 6, 33, 3, , 
2014/9/21, , 8, 31, 2, , 
2014/9/22, , 6, 22, 6, , 
2014/9/23, , 11, 26, 4, , 
2014/9/24, , 17, 32, 3, , 
2014/9/25, , 25, 33, 5, , 
2014/9/26, , 20, 36, 7, , 
2014/9/27, , 16, 34, 5, , 
2014/9/28, , 17, 27, 5, , 
2014/9/29, , 13, 27, 6, , 
2014/9/30, , 14, 23, 3, , 
2014/10/1, , 17, 28, 4, , 
2014/4/2, , 16, 33, 7, , 
2014/4/3, , 25, 31, 4, , 
2014/4/4, , 13, 34, 4, , 
2014/4/5, , 5, 29, 4, , 
2014/4/6, , 6, 30, 3, , 
2014/4/7, , 5, 35, 1, , 
2014/4/8, , 9, 28, 3, , 
2014/4/9, , 8, 33, 2, , 
2014/4/10, , 8, 40, 5, , 
2014/4/11, , 10, 36, 2, , 
2014/4/12, , 15, 33, 2, , 
2014/4/13, , 24, 37, 2, , 
2014/4/14, , 18, 40, 5, , 
2014/4/15, , 10, 41, 6, , 
2014/4/16, , 12, 43, 7, , 
2014/4/17, , 15, 46, 4, , 
2014/4/18, , 14, 46, 4, , 
2014/4/19, , 12, 41, 2, , 
2014/4/20, , 15, 33, 2, , 
2014/4/21, , 10, 28, 3, , 
2014/4/22, , 5, 29, 4, , 
2014/4/23, , 7, 34, 1, , 
2014/4/24, , 7, 36, 2, , 
2014/4/25, , 10, 36, 2, , 
2014/4/26, , 4, 37, 2, , 
2014/4/27, , 4, 35, 1, , 
2014/4/28, , 7, 34, 2, , 
2014/4/29, , 4, 27, 2, , 
2014/4/30, , 5, 25, 2, , 
2014/5/1, , 3, 29, 1, , 
2014/5/2, , 4, 29, 2, , 
2014/5/3, , 4, 37, 2, , 
2014/5/4, , 5, 39, 1, , 
2014/5/5, , 7, 42, 5, , 
2014/5/6, , 6, 37, 4, , 
2014/5/7, , 14, 28, 4, , 
2014/5/8, , 17, 34, 2, , 
2014/5/9, , 10, 28, 1, , 
2014/5/10, , 11, 27, 1, , 
2014/5/11, , 7, 31, , , 
2014/5/12, , 5, 30, 3, , 
2014/5/13, , 9, 31, 2, , 
2014/5/14, , 7, 36, 3, , 
2014/5/15, , 7, 41, 3, , 
2014/5/16, , 7, 43, 4, , 
2014/5/17, , 8, 44, 2, , 
2014/5/18, , 9, 44, 2, , 
2014/5/19, , 9, 44, 2, , 
2014/5/20, , 31, 34, 2, , 
2014/5/21, , 8, 39, 3, , 
2014/5/22, , 9, 36, 1, , 
2014/5/23, , 6, 33, 3, , 
2014/5/24, , 4, 31, 2, , 
2014/5/25, , 8, 29, 1, , 
2014/5/26, , 6, 31, 2, , 
2014/5/27, , 2, 36, 3, , 
2014/5/28, , 4, 26, 3, , 
2014/5/29, , 8, 29, 1, , 
2014/5/30, , 4, 31, 1, , 
2014/5/31, , 5, 32, 1, , 
2014/6/1, , 6, 39, , , 
2014/6/2, , 6, 42, 1, , 
2014/6/3, , 11, 33, 2, , 
2014/6/4, , 8, 28, 1, , 
2014/6/5, , 6, 34, 1, , 
2014/6/6, , 2, 43, 5, , 
2014/6/7, , 18, 41, 1, , 
2014/6/8, , 21, 42, 1, , 
2014/6/9, , 16, 36, , , 
2014/6/10, , 15, 27, 1, , 
2014/6/11, , 17, 35, 1, , 
2014/6/12, , 12, 43, 2, , 
2014/6/13, , 15, 40, 2, , 
2014/6/14, , 14, 46, 1, , 
2014/6/15, , 16, 37, , , 
2014/6/16, , 15, 36, 1, , 
2014/6/17, , 12, 44, 2, , 
2014/6/18, , 13, 37, 1, , 
2014/6/19, , 14, 43, 2, , 
2014/6/20, , 11, 48, 4, , 
2014/6/21, , 16, 58, 2, , 
2014/6/22, , 15, 35, 1, , 
2014/6/23, , 25, 34, 2, , 
2014/6/24, , 12, 34, 2, , 
2014/6/25, , 11, 42, 2, , 
2014/6/26, , 12, 35, 1, , 
2014/6/27, , 12, 36, 3, , 
2014/6/28, , 9, 36, 1, , 
2014/6/29, , 13, 21, , , 
2014/6/30, , 6, 29, 2, , 
2014/7/1, , 4, 30, 3, , 
2014/1/2, , 17, 23, 8, , 
2014/1/3, , 12, 19, 10, , 
2014/1/4, , 12, 33, 4, , 
2014/1/5, , 5, 29, 5, , 
2014/1/6, , 9, 16, 7, , 
2014/1/7, , 14, 5, 15, , 
2014/1/8, , 27, , 15, , 
2014/1/9, , 30, 15, 18, , 
2014/1/10, , 23, 8, 15, , 
2014/1/11, , 34, 7, 6, , 
2014/1/12, , 38, 23, 10, , 
2014/1/13, , 19, 26, 5, , 
2014/1/14, , 10, 26, 6, , 
2014/1/15, , 4, 21, 7, , 
2014/1/16, , 7, , , , 
2014/1/22, , 24, 28, 6, , 
2014/1/23, , 10, 30, 5, , 
2014/1/24, , 7, 34, 2, , 
2014/1/25, , 4, 28, 2, , 
2014/1/26, , 4, 24, 2, , 
2014/1/27, , 3, 33, 2, , 
2014/1/28, , 4, 32, 4, , 
2014/1/29, , 1, 28, 8, , 
2014/1/30, , 9, 28, 5, , 
2014/1/31, , 7, 29, 7, , 
2014/2/1, , 8, 31, 5, , 
2014/2/2, , 11, 28, 6, , 
2014/2/3, , 6, 21, 16, , 
2014/2/4, , 14, 30, 5, , 
2014/2/5, , 7, 30, 5, , 
2014/2/6, , 8, 28, 7, , 
2014/2/7, , 6, 30, 5, , 
2014/2/8, , 6, 32, 3, , 
2014/2/9, , 5, 29, 6, , 
2014/2/10, , 5, 31, 2, , 
2014/2/11, , 5, 32, 6, , 
2014/2/12, , 6, 31, 12, , 
2014/2/13, , 15, 30, 8, , 
2014/2/14, , 18, 19, 8, , 
2014/2/15, , 8, 23, 6, , 
2014/2/16, , 13, 26, 6, , 
2014/2/17, , 16, 22, 14, , 
2014/2/18, , 22, 21, 13, , 
2014/2/19, , 26, 28, 7, , 
2014/2/20, , 17, 28, 10, , 
2014/2/21, , 21, 31, 6, , 
2014/2/22, , 9, 32, 3, , 
2014/2/23, , 10, 32, 10, , 
2014/2/24, , 12, 32, 14, , 
2014/2/25, , 23, 33, 8, , 
2014/2/26, , 18, 29, 5, , 
2014/2/27, , 7, 32, 3, , 
2014/2/28, , 10, 32, 4, , 
2014/3/1, , 10, 30, 4, , 
2014/3/2, , 7, 25, 5, , 
2014/3/3, , 11, 36, 2, , 
2014/3/4, , 5, 33, 3, , 
2014/3/5, , 8, 26, 7, , 
2014/3/6, , 7, 31, 10, , 
2014/3/7, , 17, 36, 12, , 
2014/3/8, , 17, 36, 12, , 
2014/3/9, , 14, 41, 4, , 
2014/3/10, , 11, 43, 5, , 
2014/3/11, , 14, 40, 6, , 
2014/3/12, , 24, 36, 8, , 
2014/3/13, , 14, 42, 11, , 
2014/3/14, , 29, 43, 7, , 
2014/3/15, , 25, 45, 4, , 
2014/3/16, , 37, 43, 4, , 
2014/3/17, , 47, 35, 10, , 
2014/3/18, , 27, 35, 3, , 
2014/3/19, , 26, 31, 5, , 
2014/3/20, , 9, 39, 8, , 
2014/3/21, , 14, 37, 5, , 
2014/3/22, , 26, 33, 2, , 
2014/3/23, , 6, 33, 2, , 
2014/3/24, , 4, 36, 6, , 
2014/3/25, , 5, 35, 3, , 
2014/3/26, , 4, 32, 4, , 
2014/3/27, , 4, 36, 4, , 
2014/3/28, , 5, 37, 8, , 
2014/3/29, , 10, 35, 5, , 
2014/3/30, , 13, 33, 9, , 
2014/3/31, , 21, 36, 7, , 
2014/4/1, , 30, 38, 8, , 
2021/12/31, , , 27, 7, , 
2022/1/1, , , 27, 7, , 
2021/6/23, , , 29, 1, , 
2021/6/24, , , 24, 2, , 
2021/3/14, , , 34, 1, , 
2021/3/15, , , 34, 3, , 
2020/8/19, , , 35, 2, , 
2019/7/16, , , 48, 3, , 
2018/12/11, , , 11, 16, , 
2018/12/12, , , 22, 11, , 
2018/12/13, , , 21, 3, , 
2018/12/14, , , 23, 4, , 
2018/12/15, , , 17, 7, , 
2018/2/14, , , 33, 2, , 
2015/7/1, , , 55, 3, , 
2015/1/1, , , 26, 12, , 
2014/1/1, , , 22, 10, , 
2014/1/21, , , 7, 14, , 